Setup title,"C-V Sweep_light_-3_3_1K_100K_1M"
Classic test name,"C-V Sweep"
Test date,3/15/2023
Test time,17:11:31
Device ID,
Count,2
Flags,
Remarks,
Channel.UnitTyp,CMU
Channel.Unit,CMU1:MF/SC
Channel.IName,
Channel.VName,VBias
Channel.Mode,
Channel.Func,VAR1
Channel.Index,
Channel.Time,
Measurement.Primary.Locus,Single
Measurement.Primary.Scale,LINEAR
Measurement.Primary.Start,-3
Measurement.Primary.Stop,3
Measurement.Primary.Step,0.01
Measurement.Aborting.Condition,"CONTINUE AT ANY"
Measurement.PostOutput.Value,START
Measurement.PostOutput.Retention,OFF
Measurement.Secondary.ACLevel,0.03
Measurement.Secondary.FName,Freq
Measurement.Secondary.Frequency,1000,100000,1000000
Measurement.Bias.Source,0
Measurement.ImpedanceMode.Model,Cp-G
Measurement.ImpedanceMode.CName,C
Measurement.ImpedanceMode.LName,L
Measurement.ImpedanceMode.GName,G
Measurement.ImpedanceMode.RName,R
Measurement.ImpedanceMode.QName,Q
Measurement.ImpedanceMode.DName,D
Measurement.ImpedanceMode.YName,Y
Measurement.ImpedanceMode.ZName,Z
Measurement.ImpedanceMode.ThName,Theta
Measurement.ImpedanceMode.BName,B
Measurement.ImpedanceMode.XName,X
Measurement.Monitor.Unit,CMU1:MF/SC
Measurement.Monitor.RangingMode,AUTO
Measurement.Monitor.RangeBoundary,50
Measurement.Monitor.AcMonitorSymbol,
Measurement.Monitor.DcMonitorSymbol,
Measurement.Timing.Hold,0
Measurement.Timing.Delay,0
Measurement.Adc.UnitType,Cmu,Smu
Measurement.Adc.HighResolution.Mode,AUTO,AUTO
Measurement.Adc.HighResolution.Coeff,2,10
Measurement.Adc.HighSpeed.Mode,AUTO
Measurement.Adc.HighSpeed.Coeff,10
Measurement.Adc.HighResolution.AutoZero,OFF
Measurement.WaitTime.Source.Coeff,1
Measurement.WaitTime.Source.Offset,0
Measurement.WaitTime.Monitor.Coeff,1
Measurement.WaitTime.Monitor.Offset,0
Output.Graph.Enabled,true
Output.Graph.AutoScaling,false
Output.Graph.XAxis.Data,VBias
Output.Graph.XAxis.Scale,Linear
Output.Graph.XAxis.Left,-3
Output.Graph.XAxis.Right,3
Output.Graph.XAxis.RunTimeAutoScale,true
Output.Graph.YAxis.Data,C
Output.Graph.YAxis.Scale,Linear
Output.Graph.YAxis.Bottom,0
Output.Graph.YAxis.Top,1E-10
Output.Graph.YAxis.Group,
Output.Graph.YAxis.RunTimeAutoScale,true
AutoAnalysis.Interpolation,false
AutoAnalysis.Line1.Enabled,false
AutoAnalysis.Line1.Type,1
AutoAnalysis.Line1.Fix,True
AutoAnalysis.Line1.YAxis,0
AutoAnalysis.Line1.Point1.Type,0
AutoAnalysis.Line1.Point1.XY.X,
AutoAnalysis.Line1.Point1.XY.Y,
AutoAnalysis.Line1.Point1.Data.Var,
AutoAnalysis.Line1.Point1.Data.Condition,
AutoAnalysis.Line1.Point1.Data.Start,false
AutoAnalysis.Line1.Point1.Data.StartVar,
AutoAnalysis.Line1.Point1.Data.StartCondition,
AutoAnalysis.Line1.Point2.Type,0
AutoAnalysis.Line1.Point2.XY.X,
AutoAnalysis.Line1.Point2.XY.Y,
AutoAnalysis.Line1.Point2.Data.Var,
AutoAnalysis.Line1.Point2.Data.Condition,
AutoAnalysis.Line1.Point2.Data.Start,false
AutoAnalysis.Line1.Point2.Data.StartVar,
AutoAnalysis.Line1.Point2.Data.StartCondition,
AutoAnalysis.Line1.GradientExpr,0
AutoAnalysis.Line2.Enabled,false
AutoAnalysis.Line2.Type,1
AutoAnalysis.Line2.Fix,True
AutoAnalysis.Line2.YAxis,0
AutoAnalysis.Line2.Point1.Type,0
AutoAnalysis.Line2.Point1.XY.X,
AutoAnalysis.Line2.Point1.XY.Y,
AutoAnalysis.Line2.Point1.Data.Var,
AutoAnalysis.Line2.Point1.Data.Condition,
AutoAnalysis.Line2.Point1.Data.Start,false
AutoAnalysis.Line2.Point1.Data.StartVar,
AutoAnalysis.Line2.Point1.Data.StartCondition,
AutoAnalysis.Line2.Point2.Type,0
AutoAnalysis.Line2.Point2.XY.X,
AutoAnalysis.Line2.Point2.XY.Y,
AutoAnalysis.Line2.Point2.Data.Var,
AutoAnalysis.Line2.Point2.Data.Condition,
AutoAnalysis.Line2.Point2.Data.Start,false
AutoAnalysis.Line2.Point2.Data.StartVar,
AutoAnalysis.Line2.Point2.Data.StartCondition,
AutoAnalysis.Line2.GradientExpr,0
AutoAnalysis.Marker.Enabled,false
AutoAnalysis.Marker.Data.Var,
AutoAnalysis.Marker.Data.Condition,
AutoAnalysis.Marker.Data.Start,false
AutoAnalysis.Marker.Data.StartVar,
AutoAnalysis.Marker.Data.StartCondition,
VBias,C
-3,1.57717E-11
-2.99,-2.50313E-12
-2.98,-3.53343E-13
-2.97,1.17794E-12
-2.96,-7.21126E-12
-2.95,-2.73625E-12
-2.94,-3.64621E-13
-2.93,-1.5717E-11
-2.92,4.53303E-14
-2.91,5.61545E-13
-2.9,9.40026E-13
-2.89,1.81174E-12
-2.88,4.34064E-13
-2.87,-2.38061E-13
-2.86,8.16772E-13
-2.85,2.86809E-13
-2.84,7.49103E-13
-2.83,1.48346E-12
-2.82,1.35597E-12
-2.81,6.84887E-13
-2.8,7.74645E-13
-2.79,-3.01159E-13
-2.78,9.06814E-13
-2.77,-3.72232E-15
-2.76,-3.43503E-13
-2.75,-8.40819E-14
-2.74,8.79569E-13
-2.73,3.16347E-12
-2.72,-1.00759E-13
-2.71,-4.14756E-13
-2.7,-4.09861E-14
-2.69,9.41387E-13
-2.68,9.28233E-13
-2.67,6.76105E-13
-2.66,4.06407E-13
-2.65,9.43914E-13
-2.64,2.6702E-13
-2.63,-2.16056E-13
-2.62,-6.70415E-14
-2.61,-5.01064E-14
-2.6,1.75158E-13
-2.59,4.47151E-13
-2.58,-3.71134E-13
-2.57,1.04154E-12
-2.56,5.44368E-13
-2.55,2.0668E-14
-2.54,-5.25908E-14
-2.53,5.04929E-13
-2.52,4.26276E-13
-2.51,4.17225E-13
-2.5,9.14245E-13
-2.49,3.11837E-13
-2.48,7.58091E-15
-2.47,4.0747E-13
-2.46,-2.72375E-13
-2.45,1.62283E-13
-2.44,5.98724E-13
-2.43,5.6234E-13
-2.42,1.01589E-13
-2.41,5.13015E-13
-2.4,-2.67637E-14
-2.39,4.00239E-13
-2.38,6.89141E-13
-2.37,6.52138E-13
-2.36,3.30806E-13
-2.35,7.12473E-13
-2.34,6.14157E-13
-2.33,4.4148E-13
-2.32,3.6976E-13
-2.31,2.4736E-14
-2.3,2.0961E-13
-2.29,6.3047E-13
-2.28,5.24669E-13
-2.27,-1.71958E-14
-2.26,1.01214E-12
-2.25,3.61627E-13
-2.24,-3.22669E-14
-2.23,5.27618E-13
-2.22,7.51094E-13
-2.21,-6.50258E-14
-2.2,8.75507E-13
-2.19,4.95421E-13
-2.18,9.64205E-14
-2.17,-3.07998E-14
-2.16,1.78343E-13
-2.15,-1.43003E-13
-2.14,2.39959E-13
-2.13,6.99898E-13
-2.12,8.35966E-13
-2.11,5.17802E-13
-2.1,1.80501E-13
-2.09,-6.95487E-14
-2.08,2.91524E-13
-2.07,7.69744E-13
-2.06,-7.77419E-14
-2.05,3.14133E-13
-2.04,7.72396E-13
-2.03,3.50385E-13
-2.02,5.45644E-13
-2.01,2.43857E-13
-2,5.42711E-15
-1.99,2.27749E-13
-1.98,4.58157E-13
-1.97,3.77834E-13
-1.96,6.28667E-13
-1.95,8.296E-13
-1.94,3.52514E-13
-1.93,-7.8054E-14
-1.92,4.42812E-13
-1.91,7.44831E-14
-1.9,3.22485E-13
-1.89,5.99018E-13
-1.88,1.98352E-13
-1.87,3.39085E-13
-1.86,8.19042E-13
-1.85,3.65221E-13
-1.84,-6.0914E-14
-1.83,3.35387E-13
-1.82,6.6131E-13
-1.81,2.9036E-13
-1.8,6.32058E-13
-1.79,5.93332E-13
-1.78,-7.91719E-15
-1.77,3.90478E-13
-1.76,4.11924E-13
-1.75,-3.95708E-14
-1.74,2.19898E-13
-1.73,6.92645E-13
-1.72,3.79439E-13
-1.71,7.93574E-13
-1.7,5.78121E-13
-1.69,1.43546E-13
-1.68,1.61677E-14
-1.67,3.72898E-13
-1.66,2.6265E-14
-1.65,1.13714E-13
-1.64,8.61867E-13
-1.63,8.45564E-13
-1.62,3.7415E-13
-1.61,5.95254E-13
-1.6,9.6365E-14
-1.59,2.04942E-13
-1.58,5.68458E-13
-1.57,1.228E-13
-1.56,5.31605E-14
-1.55,5.46068E-13
-1.54,8.30798E-13
-1.53,3.85419E-13
-1.52,4.43024E-13
-1.51,3.13604E-13
-1.5,3.18185E-14
-1.49,2.79436E-13
-1.48,6.6788E-13
-1.47,4.89894E-14
-1.46,5.45595E-13
-1.45,7.38236E-13
-1.44,6.26373E-13
-1.43,1.35729E-13
-1.42,4.55109E-13
-1.41,9.2313E-14
-1.4,4.23465E-14
-1.39,6.28664E-13
-1.38,6.9027E-13
-1.37,6.17576E-14
-1.36,6.67873E-13
-1.35,7.73718E-13
-1.34,3.4728E-13
-1.33,6.0689E-14
-1.32,2.57725E-13
-1.31,5.61068E-14
-1.3,1.54027E-13
-1.29,6.74389E-13
-1.28,6.67155E-13
-1.27,9.41676E-14
-1.26,8.59564E-13
-1.25,5.9484E-13
-1.24,2.73126E-13
-1.23,-3.08241E-14
-1.22,2.48936E-13
-1.21,8.01362E-14
-1.2,1.72561E-13
-1.19,7.06961E-13
-1.18,5.27769E-13
-1.17,2.35104E-13
-1.16,5.81706E-13
-1.15,7.52058E-13
-1.14,4.49634E-13
-1.13,5.149E-14
-1.12,4.93654E-13
-1.11,8.59218E-14
-1.1,3.31809E-13
-1.09,5.76298E-13
-1.08,5.79497E-13
-1.07,9.82813E-14
-1.06,5.05116E-13
-1.05,8.64275E-13
-1.04,4.21014E-13
-1.03,1.41136E-13
-1.02,1.45021E-13
-1.01,1.4294E-13
-1,1.17096E-13
-0.99,2.57966E-13
-0.98,6.74987E-13
-0.97,5.28652E-13
-0.96,1.46785E-13
-0.95,5.65319E-13
-0.94,8.71832E-13
-0.93,5.54078E-13
-0.92,2.13106E-13
-0.91,6.47549E-13
-0.9,4.11973E-13
-0.89,4.51609E-14
-0.88,3.26901E-13
-0.87,5.3886E-13
-0.86,1.08756E-13
-0.85,8.37965E-14
-0.84,5.06095E-13
-0.83,6.25822E-13
-0.82,5.35699E-13
-0.81,5.99698E-13
-0.8,6.30252E-13
-0.79,4.51246E-13
-0.78,1.04357E-13
-0.77,2.66412E-13
-0.76,3.85914E-13
-0.75,1.6849E-13
-0.74,-8.78762E-14
-0.73,2.20937E-13
-0.72,5.05847E-13
-0.71,1.8176E-13
-0.7,4.85513E-13
-0.69,6.79892E-13
-0.68,3.54038E-13
-0.67,1.99597E-13
-0.66,7.05691E-13
-0.65,5.84524E-13
-0.64,4.05238E-13
-0.63,7.6907E-14
-0.62,6.0399E-14
-0.61,2.30526E-13
-0.6,8.62971E-14
-0.59,2.34944E-13
-0.58,6.55668E-13
-0.57,5.66721E-13
-0.56,1.89632E-13
-0.55,2.94926E-13
-0.54,9.20082E-13
-0.53,6.4249E-13
-0.52,2.69674E-13
-0.51,5.32189E-13
-0.5,4.41217E-13
-0.49,1.71932E-13
-0.48,1.81064E-13
-0.47,3.10392E-13
-0.46,4.9728E-13
-0.45,1.47613E-13
-0.44,9.71069E-14
-0.43,5.34363E-13
-0.42,6.93391E-13
-0.41,2.16288E-13
-0.4,4.71407E-13
-0.39,6.06591E-13
-0.38,4.84256E-13
-0.37,9.24009E-14
-0.36,3.78443E-13
-0.35,7.56134E-13
-0.34,2.76093E-13
-0.33,-1.5236E-14
-0.32,2.3893E-13
-0.31,3.66013E-13
-0.3,9.00902E-14
-0.29,2.75354E-13
-0.28,6.72232E-13
-0.27,5.96315E-13
-0.26,6.25836E-15
-0.25,2.53374E-13
-0.24,6.82069E-13
-0.23,7.61984E-13
-0.22,3.62892E-13
-0.21,1.52228E-13
-0.2,5.15497E-13
-0.19,2.53767E-13
-0.18,7.23511E-14
-0.17,3.93206E-13
-0.16,6.05733E-13
-0.15,1.37894E-14
-0.14,5.06242E-14
-0.13,4.42468E-13
-0.12,6.49059E-13
-0.11,7.72228E-13
-0.1,3.35754E-13
-0.09,7.50245E-13
-0.08,4.86055E-13
-0.07,2.63065E-13
-0.06,2.3934E-13
-0.05,6.74105E-13
-0.04,3.46863E-13
-0.03,-1.49236E-14
-0.02,4.94852E-14
-0.01,4.94111E-13
0,1.00397E-13
0.01,3.3145E-13
0.02,6.65212E-13
0.03,5.85913E-13
0.04,2.85735E-13
0.05,2.65716E-13
0.06,6.93642E-13
0.07,7.2391E-13
0.08,2.62655E-13
0.09,7.91508E-14
0.1,2.91453E-13
0.11,2.63505E-13
0.12,1.7398E-13
0.13,4.54988E-14
0.14,6.29576E-13
0.15,1.71772E-13
0.16,8.80925E-14
0.17,4.12999E-13
0.18,7.49896E-13
0.19,4.63605E-13
0.2,6.85767E-13
0.21,6.38059E-13
0.22,3.16348E-13
0.23,2.0333E-13
0.24,2.00668E-13
0.25,3.6662E-13
0.26,2.27931E-13
0.27,4.91089E-14
0.28,1.08612E-13
0.29,5.86475E-13
0.3,5.06255E-13
0.31,4.06138E-13
0.32,5.40563E-13
0.33,3.23967E-13
0.34,3.13691E-13
0.35,5.31429E-13
0.36,4.20784E-13
0.37,5.689E-13
0.38,3.41609E-13
0.39,2.60024E-13
0.4,2.82628E-13
0.41,4.63093E-13
0.42,1.52863E-13
0.43,4.65421E-14
0.44,3.98678E-13
0.45,7.22384E-13
0.46,5.2811E-13
0.47,3.36761E-13
0.48,6.7951E-13
0.49,5.07562E-13
0.5,-2.76335E-14
0.51,3.08623E-13
0.52,4.008E-13
0.53,3.01204E-13
0.54,5.92917E-14
0.55,5.19206E-14
0.56,5.9546E-13
0.57,2.71972E-15
0.58,4.72133E-13
0.59,5.10052E-13
0.6,6.44005E-13
0.61,1.83441E-13
0.62,2.03519E-13
0.63,7.66284E-13
0.64,4.42078E-13
0.65,1.48313E-13
0.66,2.0932E-14
0.67,2.66058E-13
0.68,1.54787E-13
0.69,1.63004E-13
0.7,4.78901E-13
0.71,5.65361E-13
0.72,4.16267E-13
0.73,4.16635E-13
0.74,7.29471E-13
0.75,6.27626E-13
0.76,2.80202E-13
0.77,1.29998E-13
0.78,3.61188E-13
0.79,1.22823E-13
0.8,3.1335E-14
0.81,3.87926E-13
0.82,6.17469E-13
0.83,3.5546E-14
0.84,2.43225E-13
0.85,6.36786E-13
0.86,6.31765E-13
0.87,2.65123E-13
0.88,4.55981E-13
0.89,4.11179E-13
0.9,2.39381E-13
0.91,1.36981E-13
0.92,4.39849E-13
0.93,5.32827E-13
0.94,-1.92536E-13
0.95,1.98896E-13
0.96,4.33397E-13
0.97,5.08475E-13
0.98,4.10632E-13
0.99,6.26957E-13
1,5.50693E-13
1.01,2.58231E-13
1.02,9.15478E-14
1.03,8.39359E-13
1.04,4.52895E-13
1.05,-3.83152E-14
1.06,2.42379E-13
1.07,4.68752E-13
1.08,5.41293E-13
1.09,3.9786E-13
1.1,4.97529E-13
1.11,5.86361E-13
1.12,4.02676E-13
1.13,4.6113E-13
1.14,8.82904E-13
1.15,6.13564E-13
1.16,4.76092E-15
1.17,1.01545E-13
1.18,3.77311E-13
1.19,-7.91972E-14
1.2,2.94086E-13
1.21,6.50453E-13
1.22,5.63377E-13
1.23,4.38947E-13
1.24,3.50872E-13
1.25,7.00513E-13
1.26,6.17957E-13
1.27,1.73298E-13
1.28,3.47926E-14
1.29,2.74585E-13
1.3,1.21155E-13
1.31,1.31902E-13
1.32,5.27448E-13
1.33,5.06838E-13
1.34,-1.41057E-13
1.35,2.49274E-13
1.36,5.95629E-13
1.37,7.3262E-13
1.38,4.67222E-13
1.39,4.72657E-13
1.4,4.12992E-13
1.41,9.04537E-14
1.42,9.75309E-15
1.43,4.39928E-13
1.44,3.82514E-13
1.45,-3.81427E-14
1.46,2.32149E-13
1.47,4.22129E-13
1.48,5.92135E-13
1.49,4.302E-13
1.5,4.76308E-13
1.51,6.55378E-13
1.52,3.52359E-13
1.53,2.40654E-13
1.54,7.44762E-13
1.55,2.33624E-13
1.56,1.6244E-13
1.57,6.34904E-15
1.58,3.8109E-13
1.59,5.38658E-13
1.6,3.10131E-13
1.61,5.30914E-13
1.62,6.05646E-13
1.63,2.61474E-13
1.64,2.5695E-13
1.65,6.24846E-13
1.66,5.23656E-13
1.67,2.38149E-13
1.68,2.06764E-13
1.69,2.7315E-13
1.7,2.79599E-13
1.71,9.37681E-14
1.72,3.29018E-13
1.73,6.84766E-13
1.74,1.66379E-13
1.75,1.28288E-13
1.76,6.7626E-13
1.77,9.24813E-13
1.78,2.93313E-13
1.79,8.00827E-14
1.8,4.59008E-13
1.81,-5.9679E-14
1.82,-1.10723E-13
1.83,2.76916E-13
1.84,7.99143E-13
1.85,1.21885E-13
1.86,-1.17773E-13
1.87,6.14155E-13
1.88,8.32512E-13
1.89,5.9726E-13
1.9,4.94387E-13
1.91,5.41094E-13
1.92,5.70218E-13
1.93,-8.55063E-14
1.94,4.1955E-14
1.95,6.11554E-13
1.96,2.21065E-13
1.97,-2.45584E-13
1.98,1.80086E-14
1.99,5.95927E-14
2,2.35731E-13
2.01,2.20511E-13
2.02,3.86591E-13
2.03,4.04123E-13
2.04,1.1937E-13
2.05,1.03707E-13
2.06,9.76381E-13
2.07,3.10351E-13
2.08,2.04922E-15
2.09,1.31461E-13
2.1,5.30444E-14
2.11,-3.06124E-14
2.12,-3.68734E-14
2.13,3.99302E-13
2.14,7.82021E-13
2.15,2.57734E-13
2.16,7.81703E-13
2.17,7.69097E-13
2.18,4.45142E-13
2.19,-1.20795E-13
2.2,6.75793E-14
2.21,-1.32999E-13
2.22,2.30031E-13
2.23,-2.75777E-13
2.24,4.80601E-13
2.25,9.05471E-13
2.26,-4.7781E-14
2.27,6.48128E-13
2.28,4.92691E-13
2.29,6.83335E-13
2.3,-2.71523E-13
2.31,3.30372E-13
2.32,3.36939E-13
2.33,2.05797E-13
2.34,-1.21527E-13
2.35,4.18462E-13
2.36,8.5221E-13
2.37,-3.21189E-14
2.38,-1.10101E-13
2.39,3.18787E-13
2.4,1.08293E-12
2.41,5.04767E-13
2.42,4.54363E-13
2.43,6.83755E-13
2.44,4.30185E-13
2.45,1.60261E-13
2.46,7.33896E-13
2.47,5.7953E-13
2.48,1.64597E-13
2.49,1.80608E-15
2.5,3.14468E-13
2.51,1.1814E-13
2.52,1.38656E-13
2.53,5.13209E-13
2.54,5.18904E-13
2.55,5.2884E-13
2.56,2.86969E-13
2.57,6.37603E-13
2.58,8.80182E-13
2.59,4.34581E-13
2.6,1.71865E-13
2.61,1.489E-13
2.62,3.28772E-13
2.63,2.14415E-14
2.64,2.16539E-13
2.65,5.96181E-13
2.66,6.41026E-13
2.67,6.60681E-15
2.68,3.6307E-13
2.69,5.95295E-13
2.7,7.02376E-13
2.71,1.88911E-13
2.72,5.13086E-13
2.73,4.59653E-13
2.74,3.42401E-13
2.75,-1.64436E-14
2.76,3.77269E-13
2.77,4.88584E-13
2.78,9.50907E-14
2.79,1.15092E-14
2.8,2.63242E-13
2.81,7.30637E-13
2.82,4.94839E-13
2.83,6.70208E-13
2.84,5.92583E-13
2.85,5.33584E-13
2.86,2.17337E-13
2.87,6.42824E-13
2.88,7.08446E-13
2.89,3.31904E-13
2.9,1.98527E-13
2.91,1.80459E-13
2.92,1.86475E-13
2.93,1.30437E-13
2.94,1.17911E-13
2.95,5.77023E-13
2.96,6.38595E-13
2.97,3.78638E-13
2.98,3.26233E-13
2.99,5.6178E-13
3,5.77122E-13
-3,
-2.99,-1.37973E-10
-2.98,
-2.97,
-2.96,
-2.95,-3.26175E-09
-2.94,-3.34233E-09
-2.93,
-2.92,
-2.91,
-2.9,
-2.89,
-2.88,
-2.87,
-2.86,
-2.85,
-2.84,
-2.83,
-2.82,
-2.81,
-2.8,
-2.79,
-2.78,-8.46709E-10
-2.77,-2.39214E-09
-2.76,-2.43256E-09
-2.75,-2.29379E-09
-2.74,-2.2491E-09
-2.73,-2.06578E-09
-2.72,-2.48202E-09
-2.71,
-2.7,
-2.69,
-2.68,
-2.67,
-2.66,
-2.65,
-2.64,
-2.63,
-2.62,
-2.61,
-2.6,
-2.59,
-2.58,-6.91042E-10
-2.57,-6.70531E-10
-2.56,-4.95805E-10
-2.55,-6.76607E-10
-2.54,-5.51373E-10
-2.53,-5.02826E-10
-2.52,-5.06512E-10
-2.51,-5.67714E-10
-2.5,-5.59364E-10
-2.49,-4.71937E-10
-2.48,-3.72461E-10
-2.47,-3.06601E-10
-2.46,-3.2877E-10
-2.45,-3.2268E-10
-2.44,-3.39887E-10
-2.43,-2.48701E-10
-2.42,-2.49878E-10
-2.41,-2.09649E-10
-2.4,-1.24003E-10
-2.39,-1.70289E-10
-2.38,1.94194E-09
-2.37,-1.56683E-09
-2.36,-6.96113E-10
-2.35,-2.23064E-10
-2.34,
-2.33,
-2.32,
-2.31,
-2.3,
-2.29,
-2.28,
-2.27,
-2.26,
-2.25,
-2.24,
-2.23,
-2.22,
-2.21,
-2.2,
-2.19,
-2.18,1.63594E-10
-2.17,
-2.16,
-2.15,
-2.14,
-2.13,
-2.12,
-2.11,
-2.1,
-2.09,
-2.08,
-2.07,
-2.06,
-2.05,
-2.04,
-2.03,
-2.02,
-2.01,
-2,
-1.99,
-1.98,
-1.97,
-1.96,
-1.95,
-1.94,
-1.93,
-1.92,
-1.91,
-1.9,
-1.89,
-1.88,
-1.87,
-1.86,
-1.85,
-1.84,
-1.83,
-1.82,
-1.81,
-1.8,
-1.79,
-1.78,
-1.77,
-1.76,
-1.75,1.39538E-13
-1.74,2.84186E-13
-1.73,2.47851E-13
-1.72,2.57182E-13
-1.71,2.40858E-13
-1.7,2.93365E-13
-1.69,2.62876E-13
-1.68,2.83221E-13
-1.67,3.05451E-13
-1.66,2.74127E-13
-1.65,2.74001E-13
-1.64,2.87627E-13
-1.63,3.16494E-13
-1.62,2.62311E-13
-1.61,3.37559E-13
-1.6,2.71085E-13
-1.59,2.70476E-13
-1.58,2.57537E-13
-1.57,2.87243E-13
-1.56,2.95928E-13
-1.55,2.73939E-13
-1.54,2.58443E-13
-1.53,2.65842E-13
-1.52,2.36484E-13
-1.51,2.67341E-13
-1.5,2.76533E-13
-1.49,2.17001E-13
-1.48,2.97354E-13
-1.47,2.6704E-13
-1.46,3.03917E-13
-1.45,2.91345E-13
-1.44,2.16169E-13
-1.43,2.69546E-13
-1.42,2.95792E-13
-1.41,2.60593E-13
-1.4,2.4929E-13
-1.39,2.61394E-13
-1.38,2.7559E-13
-1.37,2.76348E-13
-1.36,2.5021E-13
-1.35,2.68462E-13
-1.34,3.15609E-13
-1.33,2.77383E-13
-1.32,2.42428E-13
-1.31,1.85024E-13
-1.3,1.70191E-13
-1.29,2.79852E-13
-1.28,3.03047E-13
-1.27,2.72993E-13
-1.26,2.69139E-13
-1.25,2.71384E-13
-1.24,2.26716E-13
-1.23,3.01095E-13
-1.22,2.7535E-13
-1.21,3.14038E-13
-1.2,2.90413E-13
-1.19,2.46859E-13
-1.18,2.28971E-13
-1.17,3.03158E-13
-1.16,3.42294E-13
-1.15,2.88136E-13
-1.14,2.97136E-13
-1.13,2.6716E-13
-1.12,2.81607E-13
-1.11,2.37047E-13
-1.1,2.56288E-13
-1.09,2.53876E-13
-1.08,2.62622E-13
-1.07,2.81959E-13
-1.06,2.51134E-13
-1.05,2.79954E-13
-1.04,2.53256E-13
-1.03,1.93843E-13
-1.02,2.4956E-13
-1.01,2.89038E-13
-1,2.34055E-13
-0.99,3.00988E-13
-0.98,2.94796E-13
-0.97,2.11611E-13
-0.96,2.85714E-13
-0.95,2.75786E-13
-0.94,2.56247E-13
-0.93,2.62533E-13
-0.92,1.95206E-13
-0.91,2.66129E-13
-0.9,2.58809E-13
-0.89,2.51198E-13
-0.88,2.69475E-13
-0.87,2.51618E-13
-0.86,2.82645E-13
-0.85,3.08251E-13
-0.84,2.20575E-13
-0.83,2.22362E-13
-0.82,2.4321E-13
-0.81,2.53718E-13
-0.8,3.17354E-13
-0.79,2.55424E-13
-0.78,2.50107E-13
-0.77,3.06237E-13
-0.76,2.9154E-13
-0.75,2.2838E-13
-0.74,2.87022E-13
-0.73,2.43156E-13
-0.72,2.65241E-13
-0.71,2.4888E-13
-0.7,2.28456E-13
-0.69,2.10372E-13
-0.68,2.57357E-13
-0.67,3.01292E-13
-0.66,3.02633E-13
-0.65,2.67036E-13
-0.64,2.21787E-13
-0.63,2.47279E-13
-0.62,2.68131E-13
-0.61,2.57683E-13
-0.6,3.11727E-13
-0.59,2.51413E-13
-0.58,2.4797E-13
-0.57,2.50543E-13
-0.56,2.40959E-13
-0.55,3.18378E-13
-0.54,2.60146E-13
-0.53,2.65443E-13
-0.52,2.91743E-13
-0.51,2.21939E-13
-0.5,2.45683E-13
-0.49,2.54803E-13
-0.48,2.63346E-13
-0.47,2.82617E-13
-0.46,2.66319E-13
-0.45,2.58177E-13
-0.44,2.78778E-13
-0.43,2.49399E-13
-0.42,2.47755E-13
-0.41,3.04822E-13
-0.4,2.90127E-13
-0.39,2.91723E-13
-0.38,3.15163E-13
-0.37,1.81932E-13
-0.36,2.77643E-13
-0.35,2.62035E-13
-0.34,2.2162E-13
-0.33,2.34429E-13
-0.32,2.98958E-13
-0.31,2.81424E-13
-0.3,2.01166E-13
-0.29,2.77384E-13
-0.28,2.36709E-13
-0.27,2.31741E-13
-0.26,2.0805E-13
-0.25,2.94487E-13
-0.24,2.49111E-13
-0.23,2.92229E-13
-0.22,2.22757E-13
-0.21,2.96666E-13
-0.2,2.41442E-13
-0.19,2.34631E-13
-0.18,3.10162E-13
-0.17,2.59173E-13
-0.16,2.95809E-13
-0.15,2.73962E-13
-0.14,2.65611E-13
-0.13,2.73914E-13
-0.12,2.77216E-13
-0.11,2.9081E-13
-0.1,2.55641E-13
-0.09,2.88141E-13
-0.08,3.18232E-13
-0.07,3.00549E-13
-0.06,3.18108E-13
-0.05,2.53341E-13
-0.04,2.53746E-13
-0.03,2.36703E-13
-0.02,2.99461E-13
-0.01,2.41054E-13
0,2.79451E-13
0.01,2.70819E-13
0.02,2.98768E-13
0.03,2.43312E-13
0.04,2.59811E-13
0.05,2.70512E-13
0.06,2.49487E-13
0.07,2.5356E-13
0.08,3.03904E-13
0.09,2.92551E-13
0.1,2.45819E-13
0.11,2.69554E-13
0.12,3.0558E-13
0.13,2.75514E-13
0.14,2.81519E-13
0.15,2.65032E-13
0.16,2.62695E-13
0.17,2.73892E-13
0.18,2.7166E-13
0.19,2.87167E-13
0.2,2.87021E-13
0.21,2.61845E-13
0.22,2.98898E-13
0.23,2.87284E-13
0.24,2.78418E-13
0.25,2.63407E-13
0.26,2.40456E-13
0.27,3.0237E-13
0.28,2.38893E-13
0.29,2.36617E-13
0.3,2.38243E-13
0.31,2.77323E-13
0.32,2.8139E-13
0.33,2.88349E-13
0.34,2.62369E-13
0.35,2.58811E-13
0.36,2.79141E-13
0.37,2.30581E-13
0.38,2.57503E-13
0.39,2.65879E-13
0.4,2.77753E-13
0.41,3.15692E-13
0.42,3.05981E-13
0.43,2.34125E-13
0.44,2.74272E-13
0.45,2.73342E-13
0.46,2.47688E-13
0.47,2.57136E-13
0.48,2.2444E-13
0.49,2.6815E-13
0.5,2.59773E-13
0.51,2.63764E-13
0.52,2.53266E-13
0.53,3.04694E-13
0.54,2.62215E-13
0.55,2.89479E-13
0.56,2.31093E-13
0.57,2.18281E-13
0.58,2.62847E-13
0.59,2.7382E-13
0.6,2.7454E-13
0.61,2.57873E-13
0.62,2.07661E-13
0.63,2.45664E-13
0.64,3.10082E-13
0.65,2.49496E-13
0.66,2.89285E-13
0.67,2.97706E-13
0.68,2.90006E-13
0.69,2.63463E-13
0.7,2.3884E-13
0.71,2.31074E-13
0.72,2.74484E-13
0.73,2.88198E-13
0.74,2.48485E-13
0.75,2.47827E-13
0.76,2.52131E-13
0.77,2.98703E-13
0.78,3.13864E-13
0.79,2.62736E-13
0.8,2.93111E-13
0.81,2.77905E-13
0.82,2.29294E-13
0.83,2.89962E-13
0.84,2.93901E-13
0.85,2.41708E-13
0.86,2.74437E-13
0.87,2.83458E-13
0.88,2.79239E-13
0.89,3.00966E-13
0.9,2.40686E-13
0.91,2.56848E-13
0.92,2.36857E-13
0.93,2.49798E-13
0.94,2.66933E-13
0.95,3.02114E-13
0.96,2.192E-13
0.97,3.17595E-13
0.98,2.25619E-13
0.99,2.48975E-13
1,2.36393E-13
1.01,2.54604E-13
1.02,2.70781E-13
1.03,2.10511E-13
1.04,2.51564E-13
1.05,2.47802E-13
1.06,2.68108E-13
1.07,2.3337E-13
1.08,2.41578E-13
1.09,2.76353E-13
1.1,2.73045E-13
1.11,2.56014E-13
1.12,2.80738E-13
1.13,3.07025E-13
1.14,2.93794E-13
1.15,2.33145E-13
1.16,2.34704E-13
1.17,2.8666E-13
1.18,2.42183E-13
1.19,2.86287E-13
1.2,2.78385E-13
1.21,2.35709E-13
1.22,2.70389E-13
1.23,2.63492E-13
1.24,2.77968E-13
1.25,3.15711E-13
1.26,2.03877E-13
1.27,2.61336E-13
1.28,2.96631E-13
1.29,2.24395E-13
1.3,2.67056E-13
1.31,2.73822E-13
1.32,2.6058E-13
1.33,2.79296E-13
1.34,2.67625E-13
1.35,2.29262E-13
1.36,2.95151E-13
1.37,2.93213E-13
1.38,2.8599E-13
1.39,2.91251E-13
1.4,2.30112E-13
1.41,2.69548E-13
1.42,2.71047E-13
1.43,2.65282E-13
1.44,2.45354E-13
1.45,2.80937E-13
1.46,2.5831E-13
1.47,3.00887E-13
1.48,2.5387E-13
1.49,2.51618E-13
1.5,3.13235E-13
1.51,2.85026E-13
1.52,2.72883E-13
1.53,2.3097E-13
1.54,2.26976E-13
1.55,2.43995E-13
1.56,2.88897E-13
1.57,2.96037E-13
1.58,2.60441E-13
1.59,2.95302E-13
1.6,2.23374E-13
1.61,2.94841E-13
1.62,2.57573E-13
1.63,2.63113E-13
1.64,2.8737E-13
1.65,2.67185E-13
1.66,2.38495E-13
1.67,2.24662E-13
1.68,2.84488E-13
1.69,2.60494E-13
1.7,2.81541E-13
1.71,2.24968E-13
1.72,3.11243E-13
1.73,2.41623E-13
1.74,2.71821E-13
1.75,3.10358E-13
1.76,2.10995E-13
1.77,2.71992E-13
1.78,3.13763E-13
1.79,2.48149E-13
1.8,2.57402E-13
1.81,2.26499E-13
1.82,2.70057E-13
1.83,2.78054E-13
1.84,2.98459E-13
1.85,2.16648E-13
1.86,2.62458E-13
1.87,2.91404E-13
1.88,2.61443E-13
1.89,2.12234E-13
1.9,2.55397E-13
1.91,2.6939E-13
1.92,2.43846E-13
1.93,2.73953E-13
1.94,2.48586E-13
1.95,2.62588E-13
1.96,2.65222E-13
1.97,3.02357E-13
1.98,2.52946E-13
1.99,2.41837E-13
2,2.42208E-13
2.01,3.00751E-13
2.02,2.67315E-13
2.03,2.7682E-13
2.04,2.67062E-13
2.05,2.34199E-13
2.06,2.9642E-13
2.07,2.87173E-13
2.08,2.53266E-13
2.09,2.91081E-13
2.1,2.583E-13
2.11,2.83249E-13
2.12,2.53339E-13
2.13,2.31444E-13
2.14,2.69023E-13
2.15,2.94209E-13
2.16,2.84776E-13
2.17,2.66755E-13
2.18,2.65057E-13
2.19,1.99349E-13
2.2,2.72593E-13
2.21,2.77215E-13
2.22,2.26742E-13
2.23,2.9375E-13
2.24,2.8853E-13
2.25,2.54854E-13
2.26,2.80295E-13
2.27,2.88982E-13
2.28,2.70301E-13
2.29,2.64457E-13
2.3,3.34102E-13
2.31,2.4524E-13
2.32,2.90145E-13
2.33,2.28681E-13
2.34,3.18123E-13
2.35,2.36184E-13
2.36,2.39169E-13
2.37,3.20783E-13
2.38,2.51558E-13
2.39,2.57383E-13
2.4,2.69785E-13
2.41,2.9924E-13
2.42,2.23128E-13
2.43,2.85032E-13
2.44,2.51796E-13
2.45,2.94357E-13
2.46,2.75457E-13
2.47,2.69402E-13
2.48,2.69095E-13
2.49,2.39925E-13
2.5,2.56645E-13
2.51,2.54989E-13
2.52,2.96821E-13
2.53,3.04751E-13
2.54,2.40946E-13
2.55,2.30916E-13
2.56,2.52931E-13
2.57,2.82753E-13
2.58,2.52842E-13
2.59,3.22253E-13
2.6,2.65721E-13
2.61,2.76083E-13
2.62,2.53285E-13
2.63,2.33215E-13
2.64,2.65626E-13
2.65,2.27466E-13
2.66,3.09378E-13
2.67,2.52851E-13
2.68,2.72128E-13
2.69,3.06332E-13
2.7,2.50078E-13
2.71,2.76216E-13
2.72,2.74648E-13
2.73,2.47166E-13
2.74,2.78105E-13
2.75,3.02923E-13
2.76,2.2789E-13
2.77,2.71945E-13
2.78,2.62528E-13
2.79,2.77114E-13
2.8,2.91846E-13
2.81,2.21961E-13
2.82,2.09085E-13
2.83,2.67951E-13
2.84,2.86215E-13
2.85,2.95569E-13
2.86,2.55239E-13
2.87,2.90108E-13
2.88,3.10443E-13
2.89,2.50521E-13
2.9,3.03968E-13
2.91,2.55335E-13
2.92,2.66079E-13
2.93,2.35697E-13
2.94,2.86374E-13
2.95,2.5751E-13
2.96,2.61961E-13
2.97,2.5214E-13
2.98,2.57423E-13
2.99,2.16434E-13
3,3.02949E-13
-3,2.09812E-13
-2.99,2.10049E-13
-2.98,2.09024E-13
-2.97,2.13156E-13
-2.96,2.08195E-13
-2.95,2.09651E-13
-2.94,2.09096E-13
-2.93,2.10909E-13
-2.92,2.10055E-13
-2.91,2.04145E-13
-2.9,2.14757E-13
-2.89,2.10099E-13
-2.88,2.01985E-13
-2.87,2.09629E-13
-2.86,2.09258E-13
-2.85,2.14201E-13
-2.84,1.9667E-13
-2.83,2.10712E-13
-2.82,2.03896E-13
-2.81,2.04417E-13
-2.8,2.04385E-13
-2.79,2.03413E-13
-2.78,2.04122E-13
-2.77,2.16206E-13
-2.76,2.13439E-13
-2.75,2.1044E-13
-2.74,2.09423E-13
-2.73,2.06424E-13
-2.72,2.09264E-13
-2.71,2.05097E-13
-2.7,2.05647E-13
-2.69,2.10112E-13
-2.68,2.1022E-13
-2.67,2.0828E-13
-2.66,2.13328E-13
-2.65,2.13106E-13
-2.64,2.01722E-13
-2.63,1.99841E-13
-2.62,2.08378E-13
-2.61,2.10324E-13
-2.6,2.09568E-13
-2.59,2.00777E-13
-2.58,1.99068E-13
-2.57,2.07199E-13
-2.56,2.08563E-13
-2.55,2.12472E-13
-2.54,2.11253E-13
-2.53,2.04461E-13
-2.52,2.08596E-13
-2.51,2.06612E-13
-2.5,2.14494E-13
-2.49,2.06002E-13
-2.48,2.08614E-13
-2.47,2.04664E-13
-2.46,2.04041E-13
-2.45,2.06279E-13
-2.44,2.11487E-13
-2.43,2.07614E-13
-2.42,2.04816E-13
-2.41,2.07516E-13
-2.4,2.09072E-13
-2.39,2.03699E-13
-2.38,2.16783E-13
-2.37,2.07741E-13
-2.36,2.11757E-13
-2.35,2.10428E-13
-2.34,2.09473E-13
-2.33,2.07589E-13
-2.32,2.12879E-13
-2.31,2.10551E-13
-2.3,2.10441E-13
-2.29,2.05493E-13
-2.28,2.0426E-13
-2.27,2.08519E-13
-2.26,2.11001E-13
-2.25,2.04458E-13
-2.24,2.04752E-13
-2.23,2.08012E-13
-2.22,2.10172E-13
-2.21,1.99265E-13
-2.2,2.06203E-13
-2.19,2.07934E-13
-2.18,2.11108E-13
-2.17,2.12417E-13
-2.16,2.06115E-13
-2.15,2.09811E-13
-2.14,2.05795E-13
-2.13,2.12085E-13
-2.12,2.05163E-13
-2.11,2.09018E-13
-2.1,2.02304E-13
-2.09,2.09476E-13
-2.08,2.14795E-13
-2.07,2.05242E-13
-2.06,2.07166E-13
-2.05,2.03866E-13
-2.04,2.17562E-13
-2.03,2.10785E-13
-2.02,2.12477E-13
-2.01,2.07466E-13
-2,2.12262E-13
-1.99,2.04698E-13
-1.98,2.01011E-13
-1.97,2.04136E-13
-1.96,2.12284E-13
-1.95,2.11586E-13
-1.94,2.09224E-13
-1.93,2.04519E-13
-1.92,2.08467E-13
-1.91,2.0954E-13
-1.9,2.15345E-13
-1.89,2.14359E-13
-1.88,2.06579E-13
-1.87,2.0516E-13
-1.86,2.10669E-13
-1.85,2.1422E-13
-1.84,2.11431E-13
-1.83,2.14568E-13
-1.82,1.99427E-13
-1.81,2.06558E-13
-1.8,2.11304E-13
-1.79,2.09486E-13
-1.78,2.1108E-13
-1.77,2.08204E-13
-1.76,2.11933E-13
-1.75,2.0669E-13
-1.74,2.08259E-13
-1.73,2.1212E-13
-1.72,1.9969E-13
-1.71,2.09126E-13
-1.7,2.07662E-13
-1.69,2.01847E-13
-1.68,2.06011E-13
-1.67,2.08487E-13
-1.66,2.12394E-13
-1.65,2.06982E-13
-1.64,2.07965E-13
-1.63,2.0416E-13
-1.62,2.06469E-13
-1.61,2.0816E-13
-1.6,2.12348E-13
-1.59,2.08392E-13
-1.58,2.04572E-13
-1.57,2.09496E-13
-1.56,2.04806E-13
-1.55,2.18056E-13
-1.54,2.04983E-13
-1.53,2.04894E-13
-1.52,2.06152E-13
-1.51,2.04537E-13
-1.5,2.12639E-13
-1.49,2.09471E-13
-1.48,2.00078E-13
-1.47,2.10372E-13
-1.46,2.1446E-13
-1.45,2.16038E-13
-1.44,2.05896E-13
-1.43,2.13053E-13
-1.42,2.1155E-13
-1.41,2.09799E-13
-1.4,2.1102E-13
-1.39,2.12211E-13
-1.38,2.17303E-13
-1.37,2.11025E-13
-1.36,2.12943E-13
-1.35,2.01416E-13
-1.34,2.12953E-13
-1.33,2.15033E-13
-1.32,2.05568E-13
-1.31,2.08723E-13
-1.3,2.10358E-13
-1.29,2.15466E-13
-1.28,2.10976E-13
-1.27,2.06959E-13
-1.26,2.04404E-13
-1.25,2.12832E-13
-1.24,2.13011E-13
-1.23,2.07836E-13
-1.22,2.05492E-13
-1.21,2.13338E-13
-1.2,2.11307E-13
-1.19,2.12338E-13
-1.18,2.08328E-13
-1.17,2.16832E-13
-1.16,2.04714E-13
-1.15,2.06099E-13
-1.14,2.11235E-13
-1.13,2.1199E-13
-1.12,2.04901E-13
-1.11,2.12531E-13
-1.1,2.13187E-13
-1.09,2.09948E-13
-1.08,2.16689E-13
-1.07,2.07639E-13
-1.06,2.10012E-13
-1.05,2.08933E-13
-1.04,2.09502E-13
-1.03,2.0498E-13
-1.02,2.06323E-13
-1.01,2.10687E-13
-1,2.08978E-13
-0.99,2.1113E-13
-0.98,2.11228E-13
-0.97,2.07159E-13
-0.96,2.07421E-13
-0.95,2.01378E-13
-0.94,2.07582E-13
-0.93,2.04597E-13
-0.92,2.05998E-13
-0.91,2.06981E-13
-0.9,2.03351E-13
-0.89,2.08771E-13
-0.88,2.07129E-13
-0.87,2.1305E-13
-0.86,2.12097E-13
-0.85,2.04648E-13
-0.84,2.15017E-13
-0.83,2.04518E-13
-0.82,1.99976E-13
-0.81,2.14849E-13
-0.8,2.03965E-13
-0.79,2.01254E-13
-0.78,2.13996E-13
-0.77,2.14783E-13
-0.76,2.05967E-13
-0.75,2.10621E-13
-0.74,1.98598E-13
-0.73,2.1693E-13
-0.72,2.04989E-13
-0.71,2.04755E-13
-0.7,2.04141E-13
-0.69,2.10479E-13
-0.68,2.09618E-13
-0.67,2.03354E-13
-0.66,2.03929E-13
-0.65,2.10537E-13
-0.64,2.22355E-13
-0.63,2.11551E-13
-0.62,2.07304E-13
-0.61,2.10571E-13
-0.6,2.07506E-13
-0.59,2.1051E-13
-0.58,2.08335E-13
-0.57,2.17132E-13
-0.56,2.0817E-13
-0.55,2.12025E-13
-0.54,2.08173E-13
-0.53,2.10614E-13
-0.52,2.12133E-13
-0.51,2.10805E-13
-0.5,2.10769E-13
-0.49,2.04599E-13
-0.48,2.14714E-13
-0.47,2.08086E-13
-0.46,2.11051E-13
-0.45,2.06997E-13
-0.44,2.09499E-13
-0.43,2.09381E-13
-0.42,2.17986E-13
-0.41,2.12879E-13
-0.4,2.14068E-13
-0.39,2.12689E-13
-0.38,2.08219E-13
-0.37,2.01795E-13
-0.36,2.08398E-13
-0.35,2.15016E-13
-0.34,2.07317E-13
-0.33,2.0483E-13
-0.32,2.10451E-13
-0.31,2.15443E-13
-0.3,2.02693E-13
-0.29,2.09182E-13
-0.28,2.05934E-13
-0.27,2.13977E-13
-0.26,2.01068E-13
-0.25,2.00131E-13
-0.24,2.01666E-13
-0.23,2.09075E-13
-0.22,2.07016E-13
-0.21,2.0869E-13
-0.2,2.06437E-13
-0.19,2.09068E-13
-0.18,2.10387E-13
-0.17,2.06374E-13
-0.16,2.13783E-13
-0.15,2.14419E-13
-0.14,2.16301E-13
-0.13,2.13553E-13
-0.12,2.13768E-13
-0.11,2.15933E-13
-0.1,2.12051E-13
-0.09,2.0872E-13
-0.08,2.10039E-13
-0.07,2.10795E-13
-0.06,2.12123E-13
-0.05,2.05802E-13
-0.04,2.12477E-13
-0.03,2.05732E-13
-0.02,2.09804E-13
-0.01,2.04891E-13
0,2.04272E-13
0.01,2.10821E-13
0.02,2.06223E-13
0.03,2.03973E-13
0.04,1.92885E-13
0.05,2.15172E-13
0.06,2.11043E-13
0.07,2.08746E-13
0.08,2.12977E-13
0.09,1.95992E-13
0.1,2.14412E-13
0.11,2.08807E-13
0.12,2.02941E-13
0.13,2.09859E-13
0.14,2.04755E-13
0.15,2.14627E-13
0.16,2.04714E-13
0.17,2.14435E-13
0.18,2.01191E-13
0.19,2.0739E-13
0.2,2.04734E-13
0.21,2.08746E-13
0.22,2.12054E-13
0.23,2.11533E-13
0.24,2.01568E-13
0.25,2.07203E-13
0.26,2.10409E-13
0.27,2.06922E-13
0.28,2.06719E-13
0.29,2.01002E-13
0.3,2.08734E-13
0.31,2.06339E-13
0.32,2.08879E-13
0.33,2.05978E-13
0.34,2.056E-13
0.35,2.12695E-13
0.36,2.16904E-13
0.37,2.12616E-13
0.38,2.00626E-13
0.39,2.0995E-13
0.4,2.00675E-13
0.41,2.06526E-13
0.42,2.07174E-13
0.43,2.09847E-13
0.44,2.12031E-13
0.45,2.13682E-13
0.46,2.13413E-13
0.47,2.03509E-13
0.48,2.03784E-13
0.49,2.12582E-13
0.5,1.99243E-13
0.51,2.06949E-13
0.52,2.10459E-13
0.53,2.12838E-13
0.54,2.0502E-13
0.55,2.10959E-13
0.56,2.0384E-13
0.57,2.16882E-13
0.58,2.19197E-13
0.59,2.10185E-13
0.6,2.01015E-13
0.61,2.07583E-13
0.62,2.09882E-13
0.63,2.10462E-13
0.64,2.00837E-13
0.65,2.07899E-13
0.66,2.09309E-13
0.67,2.18682E-13
0.68,2.10226E-13
0.69,2.07668E-13
0.7,2.11222E-13
0.71,2.12904E-13
0.72,2.09626E-13
0.73,2.18448E-13
0.74,2.09441E-13
0.75,2.10001E-13
0.76,2.12569E-13
0.77,2.0596E-13
0.78,2.02352E-13
0.79,2.13508E-13
0.8,2.11959E-13
0.81,2.10521E-13
0.82,2.12215E-13
0.83,2.1791E-13
0.84,2.07699E-13
0.85,2.1157E-13
0.86,2.14245E-13
0.87,2.12177E-13
0.88,2.08214E-13
0.89,2.09303E-13
0.9,2.05717E-13
0.91,2.10816E-13
0.92,2.14396E-13
0.93,2.10399E-13
0.94,2.03544E-13
0.95,2.05432E-13
0.96,2.04128E-13
0.97,2.06611E-13
0.98,2.1675E-13
0.99,2.10732E-13
1,2.07187E-13
1.01,2.06492E-13
1.02,2.08189E-13
1.03,2.10248E-13
1.04,2.09196E-13
1.05,2.11362E-13
1.06,2.11882E-13
1.07,2.02931E-13
1.08,2.08486E-13
1.09,2.09825E-13
1.1,2.16749E-13
1.11,2.03028E-13
1.12,2.07109E-13
1.13,2.01343E-13
1.14,2.07168E-13
1.15,2.05163E-13
1.16,2.13758E-13
1.17,2.10384E-13
1.18,2.11114E-13
1.19,2.15027E-13
1.2,2.06773E-13
1.21,2.00185E-13
1.22,2.08487E-13
1.23,2.09416E-13
1.24,2.154E-13
1.25,2.05736E-13
1.26,2.10286E-13
1.27,2.09559E-13
1.28,2.09888E-13
1.29,2.09391E-13
1.3,2.10832E-13
1.31,2.11342E-13
1.32,2.07528E-13
1.33,2.07958E-13
1.34,1.97826E-13
1.35,2.08027E-13
1.36,2.08287E-13
1.37,2.09973E-13
1.38,2.12937E-13
1.39,2.1046E-13
1.4,2.02446E-13
1.41,2.07159E-13
1.42,2.14618E-13
1.43,2.11989E-13
1.44,2.10944E-13
1.45,2.11911E-13
1.46,2.15084E-13
1.47,2.06041E-13
1.48,2.05258E-13
1.49,2.01565E-13
1.5,2.00998E-13
1.51,2.12386E-13
1.52,2.05967E-13
1.53,2.07364E-13
1.54,2.08718E-13
1.55,2.09281E-13
1.56,2.10867E-13
1.57,2.03116E-13
1.58,2.03388E-13
1.59,2.09115E-13
1.6,2.04575E-13
1.61,2.02228E-13
1.62,2.03434E-13
1.63,2.09059E-13
1.64,2.08082E-13
1.65,2.06703E-13
1.66,2.10871E-13
1.67,2.03272E-13
1.68,2.09701E-13
1.69,2.15624E-13
1.7,2.14317E-13
1.71,2.10543E-13
1.72,2.13352E-13
1.73,2.12742E-13
1.74,2.04177E-13
1.75,2.04967E-13
1.76,2.0313E-13
1.77,2.10336E-13
1.78,1.9923E-13
1.79,2.10282E-13
1.8,2.12188E-13
1.81,2.10514E-13
1.82,2.18925E-13
1.83,2.08632E-13
1.84,2.07086E-13
1.85,2.1119E-13
1.86,2.1761E-13
1.87,2.18318E-13
1.88,2.02947E-13
1.89,2.04193E-13
1.9,2.07162E-13
1.91,2.13128E-13
1.92,2.10858E-13
1.93,2.14698E-13
1.94,2.07064E-13
1.95,2.15595E-13
1.96,2.10166E-13
1.97,2.02918E-13
1.98,2.11453E-13
1.99,2.14797E-13
2,2.03935E-13
2.01,2.11333E-13
2.02,2.14071E-13
2.03,2.08041E-13
2.04,2.10507E-13
2.05,2.15171E-13
2.06,2.07164E-13
2.07,2.0177E-13
2.08,2.03328E-13
2.09,2.09631E-13
2.1,2.10353E-13
2.11,2.06427E-13
2.12,2.14741E-13
2.13,2.08135E-13
2.14,2.09059E-13
2.15,2.06877E-13
2.16,2.00097E-13
2.17,2.081E-13
2.18,2.06906E-13
2.19,2.07987E-13
2.2,2.08483E-13
2.21,2.08167E-13
2.22,2.07968E-13
2.23,2.06551E-13
2.24,2.05334E-13
2.25,2.05868E-13
2.26,2.18154E-13
2.27,2.10292E-13
2.28,2.13803E-13
2.29,2.21625E-13
2.3,2.08553E-13
2.31,2.08642E-13
2.32,2.14225E-13
2.33,2.04242E-13
2.34,2.10362E-13
2.35,2.05052E-13
2.36,2.08945E-13
2.37,2.14156E-13
2.38,2.07674E-13
2.39,2.17262E-13
2.4,2.03668E-13
2.41,2.11E-13
2.42,2.07988E-13
2.43,2.15295E-13
2.44,2.08894E-13
2.45,2.05489E-13
2.46,2.04382E-13
2.47,2.05878E-13
2.48,2.08496E-13
2.49,2.18461E-13
2.5,2.09068E-13
2.51,2.16209E-13
2.52,2.0595E-13
2.53,2.06562E-13
2.54,2.09872E-13
2.55,2.09701E-13
2.56,2.09001E-13
2.57,2.10326E-13
2.58,2.08345E-13
2.59,2.07768E-13
2.6,2.11523E-13
2.61,2.0726E-13
2.62,2.04775E-13
2.63,2.10248E-13
2.64,2.09969E-13
2.65,2.072E-13
2.66,2.17985E-13
2.67,2.03446E-13
2.68,2.04879E-13
2.69,2.07627E-13
2.7,1.93852E-13
2.71,2.14796E-13
2.72,2.1405E-13
2.73,2.15083E-13
2.74,2.04853E-13
2.75,2.16576E-13
2.76,2.07038E-13
2.77,2.0838E-13
2.78,2.0726E-13
2.79,2.14994E-13
2.8,2.09818E-13
2.81,2.08205E-13
2.82,2.03345E-13
2.83,2.0541E-13
2.84,2.12556E-13
2.85,2.02336E-13
2.86,2.07272E-13
2.87,2.06918E-13
2.88,2.10887E-13
2.89,2.10397E-13
2.9,2.07598E-13
2.91,2.1686E-13
2.92,2.01782E-13
2.93,2.15202E-13
2.94,2.0884E-13
2.95,2.09278E-13
2.96,2.10779E-13
2.97,2.12191E-13
2.98,2.03778E-13
2.99,2.05258E-13
3,2.1503E-13
