VBias,C
-2,1.44025E-10
-1.99,1.44418E-10
-1.98,1.44355E-10
-1.97,1.45187E-10
-1.96,1.464E-10
-1.95,1.4692E-10
-1.94,1.47843E-10
-1.93,1.48563E-10
-1.92,1.48397E-10
-1.91,1.48436E-10
-1.9,1.48382E-10
-1.89,1.4932E-10
-1.88,1.49389E-10
-1.87,1.50398E-10
-1.86,1.50909E-10
-1.85,1.52164E-10
-1.84,1.52812E-10
-1.83,1.53095E-10
-1.82,1.53618E-10
-1.81,1.54158E-10
-1.8,1.54456E-10
-1.79,1.54982E-10
-1.78,1.54683E-10
-1.77,1.55649E-10
-1.76,1.56079E-10
-1.75,1.57199E-10
-1.74,1.58199E-10
-1.73,1.59027E-10
-1.72,1.59638E-10
-1.71,1.60265E-10
-1.7,1.60821E-10
-1.69,1.61119E-10
-1.68,1.61006E-10
-1.67,1.61929E-10
-1.66,1.62551E-10
-1.65,1.6389E-10
-1.64,1.64344E-10
-1.63,1.6549E-10
-1.62,1.6667E-10
-1.61,1.67215E-10
-1.6,1.67409E-10
-1.59,1.68034E-10
-1.58,1.68447E-10
-1.57,1.69492E-10
-1.56,1.69626E-10
-1.55,1.70868E-10
-1.54,1.71891E-10
-1.53,1.73012E-10
-1.52,1.73916E-10
-1.51,1.74869E-10
-1.5,1.75873E-10
-1.49,1.76911E-10
-1.48,1.76838E-10
-1.47,1.77907E-10
-1.46,1.78243E-10
-1.45,1.79022E-10
-1.44,1.79942E-10
-1.43,1.81031E-10
-1.42,1.82427E-10
-1.41,1.83925E-10
-1.4,1.84992E-10
-1.39,1.85409E-10
-1.38,1.86253E-10
-1.37,1.86901E-10
-1.36,1.87192E-10
-1.35,1.88774E-10
-1.34,1.88589E-10
-1.33,1.89517E-10
-1.32,1.90037E-10
-1.31,1.91494E-10
-1.3,1.91432E-10
-1.29,1.91999E-10
-1.28,1.92809E-10
-1.27,1.92594E-10
-1.26,1.93113E-10
-1.25,1.92871E-10
-1.24,1.92697E-10
-1.23,1.92496E-10
-1.22,1.91938E-10
-1.21,1.92396E-10
-1.2,1.92077E-10
-1.19,1.92466E-10
-1.18,1.9238E-10
-1.17,1.92799E-10
-1.16,1.93391E-10
-1.15,1.93652E-10
-1.14,1.93313E-10
-1.13,1.93772E-10
-1.12,1.92712E-10
-1.11,1.92887E-10
-1.1,1.92534E-10
-1.09,1.92748E-10
-1.08,1.92461E-10
-1.07,1.93972E-10
-1.06,1.93643E-10
-1.05,1.93474E-10
-1.04,1.93951E-10
-1.03,1.94029E-10
-1.02,1.93099E-10
-1.01,1.93172E-10
-1,1.93818E-10
-0.99,1.94196E-10
-0.98,1.94676E-10
-0.97,1.9536E-10
-0.96,1.95217E-10
-0.95,1.95587E-10
-0.94,1.95732E-10
-0.93,1.95729E-10
-0.92,1.95966E-10
-0.91,1.96142E-10
-0.9,1.96938E-10
-0.89,1.97553E-10
-0.88,1.98288E-10
-0.87,1.99399E-10
-0.86,2.00562E-10
-0.85,2.01858E-10
-0.84,2.02294E-10
-0.83,2.03036E-10
-0.82,2.03527E-10
-0.81,2.04576E-10
-0.8,2.04948E-10
-0.79,2.0597E-10
-0.78,2.06694E-10
-0.77,2.07199E-10
-0.76,2.08578E-10
-0.75,2.09664E-10
-0.74,2.11007E-10
-0.73,2.12362E-10
-0.72,2.13903E-10
-0.71,2.14172E-10
-0.7,2.15337E-10
-0.69,2.15895E-10
-0.68,2.16967E-10
-0.67,2.18225E-10
-0.66,2.1909E-10
-0.65,2.20255E-10
-0.64,2.22091E-10
-0.63,2.23629E-10
-0.62,2.25122E-10
-0.61,2.27004E-10
-0.6,2.28544E-10
-0.59,2.29811E-10
-0.58,2.31506E-10
-0.57,2.32235E-10
-0.56,2.33898E-10
-0.55,2.3499E-10
-0.54,2.373E-10
-0.53,2.38514E-10
-0.52,2.40899E-10
-0.51,2.4328E-10
-0.5,2.45288E-10
-0.49,2.47421E-10
-0.48,2.50113E-10
-0.47,2.50865E-10
-0.46,2.53177E-10
-0.45,2.54907E-10
-0.44,2.56669E-10
-0.43,2.58382E-10
-0.42,2.6129E-10
-0.41,2.63776E-10
-0.4,2.67111E-10
-0.39,2.69319E-10
-0.38,2.72257E-10
-0.37,2.74578E-10
-0.36,2.77458E-10
-0.35,2.79517E-10
-0.34,2.82821E-10
-0.33,2.86462E-10
-0.32,2.89662E-10
-0.31,2.9235E-10
-0.3,2.95623E-10
-0.29,2.99074E-10
-0.28,3.01805E-10
-0.27,3.04818E-10
-0.26,3.08966E-10
-0.25,3.1213E-10
-0.24,3.16533E-10
-0.23,3.20725E-10
-0.22,3.24323E-10
-0.21,3.27521E-10
-0.2,3.31021E-10
-0.19,3.34568E-10
-0.18,3.38992E-10
-0.17,3.41938E-10
-0.16,3.46862E-10
-0.15,3.49822E-10
-0.14,3.54498E-10
-0.13,3.56421E-10
-0.12,3.59386E-10
-0.11,3.6248E-10
-0.1,3.66158E-10
-0.09,3.68868E-10
-0.08,3.72109E-10
-0.07,3.73513E-10
-0.06,3.76912E-10
-0.05,3.79486E-10
-0.04,3.82334E-10
-0.03,3.84849E-10
-0.02,3.87188E-10
-0.01,3.88845E-10
0,3.90023E-10
0.01,3.9238E-10
0.02,3.9419E-10
0.03,3.95852E-10
0.04,3.98056E-10
0.05,3.9925E-10
0.06,4.00634E-10
0.07,4.01377E-10
0.08,4.02342E-10
0.09,4.03304E-10
0.1,4.04196E-10
0.11,4.05738E-10
0.12,4.06532E-10
0.13,4.08207E-10
0.14,4.09308E-10
0.15,4.10275E-10
0.16,4.11164E-10
0.17,4.11496E-10
0.18,4.13265E-10
0.19,4.12725E-10
0.2,4.12634E-10
0.21,4.13599E-10
0.22,4.13933E-10
0.23,4.14417E-10
0.24,4.15348E-10
0.25,4.15457E-10
0.26,4.16483E-10
0.27,4.1726E-10
0.28,4.18066E-10
0.29,4.17066E-10
0.3,4.18455E-10
0.31,4.19518E-10
0.32,4.19536E-10
0.33,4.20084E-10
0.34,4.1937E-10
0.35,4.19676E-10
0.36,4.19639E-10
0.37,4.20087E-10
0.38,4.20975E-10
0.39,4.21032E-10
0.4,4.22038E-10
0.41,4.22291E-10
0.42,4.22634E-10
0.43,4.22314E-10
0.44,4.22507E-10
0.45,4.22303E-10
0.46,4.22961E-10
0.47,4.22788E-10
0.48,4.22775E-10
0.49,4.23514E-10
0.5,4.24054E-10
0.51,4.23666E-10
0.52,4.24402E-10
0.53,4.24108E-10
0.54,4.24407E-10
0.55,4.24111E-10
0.56,4.24784E-10
0.57,4.24259E-10
0.58,4.24501E-10
0.59,4.25022E-10
0.6,4.26075E-10
0.61,4.26527E-10
0.62,4.25818E-10
0.63,4.2564E-10
0.64,4.26182E-10
0.65,4.25507E-10
0.66,4.25998E-10
0.67,4.2581E-10
0.68,4.26611E-10
0.69,4.26249E-10
0.7,4.26376E-10
0.71,4.26094E-10
0.72,4.26326E-10
0.73,4.26351E-10
0.74,4.26657E-10
0.75,4.27225E-10
0.76,4.2764E-10
0.77,4.27086E-10
0.78,4.26914E-10
0.79,4.26556E-10
0.8,4.26979E-10
0.81,4.27724E-10
0.82,4.28205E-10
0.83,4.28209E-10
0.84,4.27423E-10
0.85,4.27392E-10
0.86,4.27437E-10
0.87,4.27969E-10
0.88,4.28197E-10
0.89,4.29081E-10
0.9,4.28396E-10
0.91,4.28011E-10
0.92,4.27791E-10
0.93,4.27889E-10
0.94,4.2848E-10
0.95,4.2914E-10
0.96,4.28607E-10
0.97,4.28759E-10
0.98,4.28826E-10
0.99,4.2846E-10
1,4.2865E-10
1.01,4.29488E-10
1.02,4.297E-10
1.03,4.29035E-10
1.04,4.28732E-10
1.05,4.2896E-10
1.06,4.29033E-10
1.07,4.29657E-10
1.08,4.29461E-10
1.09,4.29595E-10
1.1,4.28968E-10
1.11,4.29141E-10
1.12,4.29512E-10
1.13,4.30071E-10
1.14,4.30285E-10
1.15,4.29575E-10
1.16,4.29953E-10
1.17,4.29316E-10
1.18,4.29886E-10
1.19,4.29421E-10
1.2,4.29283E-10
1.21,4.29698E-10
1.22,4.29945E-10
1.23,4.29832E-10
1.24,4.30301E-10
1.25,4.30778E-10
1.26,4.30878E-10
1.27,4.29881E-10
1.28,4.2974E-10
1.29,4.30049E-10
1.3,4.30359E-10
1.31,4.30192E-10
1.32,4.30333E-10
1.33,4.29982E-10
1.34,4.30339E-10
1.35,4.30928E-10
1.36,4.31317E-10
1.37,4.30342E-10
1.38,4.30878E-10
1.39,4.30248E-10
1.4,4.30226E-10
1.41,4.30306E-10
1.42,4.31089E-10
1.43,4.30309E-10
1.44,4.30429E-10
1.45,4.30464E-10
1.46,4.30271E-10
1.47,4.30928E-10
1.48,4.31486E-10
1.49,4.31307E-10
1.5,4.31001E-10
1.51,4.30829E-10
1.52,4.3044E-10
1.53,4.30397E-10
1.54,4.30512E-10
1.55,4.31243E-10
1.56,4.31262E-10
1.57,4.31823E-10
1.58,4.31059E-10
1.59,4.30797E-10
1.6,4.30956E-10
1.61,4.3016E-10
1.62,4.31004E-10
1.63,4.31689E-10
1.64,4.31433E-10
1.65,4.31332E-10
1.66,4.31035E-10
1.67,4.30817E-10
1.68,4.30597E-10
1.69,4.30579E-10
1.7,4.31466E-10
1.71,4.31604E-10
1.72,4.31502E-10
1.73,4.31509E-10
1.74,4.31284E-10
1.75,4.31166E-10
1.76,4.30649E-10
1.77,4.31514E-10
1.78,4.3141E-10
1.79,4.32156E-10
1.8,4.31739E-10
1.81,4.30725E-10
1.82,4.31232E-10
1.83,4.318E-10
1.84,4.31623E-10
1.85,4.32215E-10
1.86,4.31058E-10
1.87,4.3147E-10
1.88,4.31323E-10
1.89,4.31478E-10
1.9,4.32091E-10
1.91,4.31775E-10
1.92,4.31726E-10
1.93,4.31792E-10
1.94,4.30847E-10
1.95,4.31078E-10
1.96,4.31961E-10
1.97,4.3227E-10
1.98,4.32571E-10
1.99,4.31148E-10
2,4.31719E-10
2,4.32594E-10
1.99,4.32008E-10
1.98,4.32496E-10
1.97,4.31552E-10
1.96,4.31249E-10
1.95,4.31345E-10
1.94,4.31771E-10
1.93,4.32447E-10
1.92,4.31871E-10
1.91,4.31393E-10
1.9,4.31899E-10
1.89,4.32248E-10
1.88,4.32439E-10
1.87,4.32003E-10
1.86,4.31327E-10
1.85,4.31166E-10
1.84,4.31643E-10
1.83,4.31998E-10
1.82,4.32496E-10
1.81,4.31813E-10
1.8,4.31705E-10
1.79,4.32211E-10
1.78,4.31603E-10
1.77,4.32203E-10
1.76,4.31452E-10
1.75,4.32222E-10
1.74,4.31645E-10
1.73,4.30886E-10
1.72,4.30509E-10
1.71,4.31676E-10
1.7,4.31494E-10
1.69,4.31883E-10
1.68,4.3132E-10
1.67,4.31114E-10
1.66,4.3172E-10
1.65,4.31719E-10
1.64,4.3098E-10
1.63,4.30719E-10
1.62,4.31251E-10
1.61,4.31479E-10
1.6,4.30681E-10
1.59,4.30699E-10
1.58,4.31636E-10
1.57,4.31952E-10
1.56,4.30511E-10
1.55,4.31367E-10
1.54,4.31305E-10
1.53,4.30845E-10
1.52,4.30651E-10
1.51,4.31494E-10
1.5,4.31207E-10
1.49,4.30762E-10
1.48,4.30422E-10
1.47,4.31666E-10
1.46,4.30646E-10
1.45,4.30674E-10
1.44,4.30917E-10
1.43,4.30742E-10
1.42,4.30328E-10
1.41,4.31563E-10
1.4,4.31248E-10
1.39,4.30255E-10
1.38,4.30709E-10
1.37,4.30411E-10
1.36,4.31181E-10
1.35,4.3055E-10
1.34,4.30891E-10
1.33,4.309E-10
1.32,4.3101E-10
1.31,4.29916E-10
1.3,4.30574E-10
1.29,4.3081E-10
1.28,4.30307E-10
1.27,4.30545E-10
1.26,4.3053E-10
1.25,4.30019E-10
1.24,4.29577E-10
1.23,4.30686E-10
1.22,4.29939E-10
1.21,4.30462E-10
1.2,4.30322E-10
1.19,4.2972E-10
1.18,4.30914E-10
1.17,4.29912E-10
1.16,4.29924E-10
1.15,4.29553E-10
1.14,4.29448E-10
1.13,4.29645E-10
1.12,4.29939E-10
1.11,4.29582E-10
1.1,4.29386E-10
1.09,4.29787E-10
1.08,4.29322E-10
1.07,4.29468E-10
1.06,4.29654E-10
1.05,4.29414E-10
1.04,4.29486E-10
1.03,4.2926E-10
1.02,4.29287E-10
1.01,4.29296E-10
1,4.28933E-10
0.99,4.29637E-10
0.98,4.28735E-10
0.97,4.29367E-10
0.96,4.28693E-10
0.95,4.28754E-10
0.94,4.289E-10
0.93,4.28667E-10
0.92,4.28878E-10
0.91,4.2873E-10
0.9,4.28296E-10
0.89,4.29174E-10
0.88,4.28298E-10
0.87,4.2815E-10
0.86,4.28364E-10
0.85,4.27598E-10
0.84,4.28199E-10
0.83,4.28384E-10
0.82,4.27179E-10
0.81,4.28291E-10
0.8,4.27986E-10
0.79,4.27395E-10
0.78,4.27883E-10
0.77,4.27605E-10
0.76,4.27975E-10
0.75,4.27548E-10
0.74,4.27331E-10
0.73,4.27454E-10
0.72,4.2688E-10
0.71,4.26719E-10
0.7,4.27066E-10
0.69,4.26892E-10
0.68,4.26566E-10
0.67,4.26396E-10
0.66,4.26589E-10
0.65,4.26553E-10
0.64,4.26218E-10
0.63,4.25803E-10
0.62,4.25726E-10
0.61,4.25724E-10
0.6,4.24842E-10
0.59,4.2579E-10
0.58,4.25128E-10
0.57,4.25072E-10
0.56,4.25114E-10
0.55,4.24075E-10
0.54,4.24957E-10
0.53,4.24068E-10
0.52,4.24204E-10
0.51,4.23899E-10
0.5,4.23699E-10
0.49,4.23989E-10
0.48,4.23394E-10
0.47,4.22932E-10
0.46,4.23065E-10
0.45,4.22912E-10
0.44,4.22701E-10
0.43,4.22231E-10
0.42,4.22298E-10
0.41,4.21777E-10
0.4,4.21182E-10
0.39,4.21714E-10
0.38,4.20873E-10
0.37,4.20486E-10
0.36,4.20779E-10
0.35,4.19823E-10
0.34,4.20062E-10
0.33,4.19765E-10
0.32,4.18307E-10
0.31,4.19123E-10
0.3,4.18834E-10
0.29,4.18109E-10
0.28,4.18133E-10
0.27,4.17489E-10
0.26,4.16646E-10
0.25,4.16304E-10
0.24,4.15643E-10
0.23,4.14805E-10
0.22,4.14324E-10
0.21,4.13892E-10
0.2,4.12996E-10
0.19,4.12871E-10
0.18,4.12228E-10
0.17,4.11075E-10
0.16,4.10974E-10
0.15,4.09306E-10
0.14,4.09186E-10
0.13,4.08421E-10
0.12,4.06658E-10
0.11,4.05812E-10
0.1,4.04779E-10
0.09,4.03587E-10
0.08,4.03168E-10
0.07,4.01881E-10
0.06,4.00766E-10
0.05,3.98678E-10
0.04,3.97808E-10
0.03,3.96011E-10
0.02,3.94255E-10
0.01,3.92394E-10
0,3.90796E-10
-0.01,3.88576E-10
-0.02,3.86306E-10
-0.03,3.84719E-10
-0.04,3.82363E-10
-0.05,3.80154E-10
-0.06,3.7741E-10
-0.07,3.74894E-10
-0.08,3.72057E-10
-0.09,3.69704E-10
-0.1,3.66286E-10
-0.11,3.63264E-10
-0.12,3.59843E-10
-0.13,3.56948E-10
-0.14,3.53156E-10
-0.15,3.49573E-10
-0.16,3.45255E-10
-0.17,3.42702E-10
-0.18,3.38883E-10
-0.19,3.35346E-10
-0.2,3.31342E-10
-0.21,3.2834E-10
-0.22,3.23922E-10
-0.23,3.2024E-10
-0.24,3.16086E-10
-0.25,3.12828E-10
-0.26,3.09289E-10
-0.27,3.05854E-10
-0.28,3.0232E-10
-0.29,2.98885E-10
-0.3,2.96118E-10
-0.31,2.92112E-10
-0.32,2.89571E-10
-0.33,2.85769E-10
-0.34,2.83135E-10
-0.35,2.79858E-10
-0.36,2.77451E-10
-0.37,2.74075E-10
-0.38,2.71955E-10
-0.39,2.68962E-10
-0.4,2.6674E-10
-0.41,2.64014E-10
-0.42,2.61975E-10
-0.43,2.59577E-10
-0.44,2.57365E-10
-0.45,2.54685E-10
-0.46,2.53209E-10
-0.47,2.50802E-10
-0.48,2.49153E-10
-0.49,2.47206E-10
-0.5,2.45109E-10
-0.51,2.4339E-10
-0.52,2.4151E-10
-0.53,2.39363E-10
-0.54,2.37709E-10
-0.55,2.35628E-10
-0.56,2.34088E-10
-0.57,2.32894E-10
-0.58,2.30988E-10
-0.59,2.29695E-10
-0.6,2.27544E-10
-0.61,2.26393E-10
-0.62,2.25183E-10
-0.63,2.23902E-10
-0.64,2.22167E-10
-0.65,2.20924E-10
-0.66,2.19834E-10
-0.67,2.18849E-10
-0.68,2.17451E-10
-0.69,2.16214E-10
-0.7,2.14959E-10
-0.71,2.14278E-10
-0.72,2.12922E-10
-0.73,2.12112E-10
-0.74,2.10959E-10
-0.75,2.09992E-10
-0.76,2.09401E-10
-0.77,2.08255E-10
-0.78,2.07119E-10
-0.79,2.06119E-10
-0.8,2.0512E-10
-0.81,2.04153E-10
-0.82,2.03532E-10
-0.83,2.02845E-10
-0.84,2.01763E-10
-0.85,2.00687E-10
-0.86,2.0017E-10
-0.87,1.99319E-10
-0.88,1.98292E-10
-0.89,1.97752E-10
-0.9,1.96998E-10
-0.91,1.96215E-10
-0.92,1.95611E-10
-0.93,1.95489E-10
-0.94,1.94478E-10
-0.95,1.93542E-10
-0.96,1.93116E-10
-0.97,1.9236E-10
-0.98,1.92028E-10
-0.99,1.91476E-10
-1,1.91056E-10
-1.01,1.90328E-10
-1.02,1.89416E-10
-1.03,1.89487E-10
-1.04,1.88672E-10
-1.05,1.88084E-10
-1.06,1.87376E-10
-1.07,1.87451E-10
-1.08,1.86665E-10
-1.09,1.86304E-10
-1.1,1.86043E-10
-1.11,1.79591E-10
-1.12,1.85062E-10
-1.13,1.84833E-10
-1.14,1.84605E-10
-1.15,1.84078E-10
-1.16,1.83532E-10
-1.17,1.83109E-10
-1.18,1.82993E-10
-1.19,1.82749E-10
-1.2,1.82315E-10
-1.21,1.81952E-10
-1.22,1.81625E-10
-1.23,1.81322E-10
-1.24,1.81061E-10
-1.25,1.80971E-10
-1.26,1.80097E-10
-1.27,1.80079E-10
-1.28,1.79687E-10
-1.29,1.79211E-10
-1.3,1.79329E-10
-1.31,1.78516E-10
-1.32,1.78494E-10
-1.33,1.77755E-10
-1.34,1.78026E-10
-1.35,1.77532E-10
-1.36,1.7749E-10
-1.37,1.77072E-10
-1.38,1.77143E-10
-1.39,1.76314E-10
-1.4,1.76265E-10
-1.41,1.76057E-10
-1.42,1.75563E-10
-1.43,1.75583E-10
-1.44,1.75249E-10
-1.45,1.7456E-10
-1.46,1.746E-10
-1.47,1.74243E-10
-1.48,1.74008E-10
-1.49,1.74048E-10
-1.5,1.73117E-10
-1.51,1.72976E-10
-1.52,1.72913E-10
-1.53,1.73143E-10
-1.54,1.72134E-10
-1.55,1.72362E-10
-1.56,1.71968E-10
-1.57,1.72082E-10
-1.58,1.71134E-10
-1.59,1.71449E-10
-1.6,1.71332E-10
-1.61,1.7075E-10
-1.62,1.70428E-10
-1.63,1.70341E-10
-1.64,1.69835E-10
-1.65,1.6958E-10
-1.66,1.69459E-10
-1.67,1.69453E-10
-1.68,1.69005E-10
-1.69,1.68763E-10
-1.7,1.68443E-10
-1.71,1.68538E-10
-1.72,1.68105E-10
-1.73,1.67902E-10
-1.74,1.67751E-10
-1.75,1.67245E-10
-1.76,1.67489E-10
-1.77,1.67076E-10
-1.78,1.66942E-10
-1.79,1.66286E-10
-1.8,1.66584E-10
-1.81,1.66088E-10
-1.82,1.66151E-10
-1.83,1.65707E-10
-1.84,1.65451E-10
-1.85,1.65415E-10
-1.86,1.65126E-10
-1.87,1.6476E-10
-1.88,1.64918E-10
-1.89,1.64224E-10
-1.9,1.643E-10
-1.91,1.63976E-10
-1.92,1.63623E-10
-1.93,1.6373E-10
-1.94,1.63687E-10
-1.95,1.63103E-10
-1.96,1.62969E-10
-1.97,1.62771E-10
-1.98,1.62597E-10
-1.99,1.62472E-10
-2,1.62084E-10
-2,1.60729E-10
-1.99,1.61296E-10
-1.98,1.61686E-10
-1.97,1.62081E-10
-1.96,1.62739E-10
-1.95,1.63081E-10
-1.94,1.63637E-10
-1.93,1.63913E-10
-1.92,1.64353E-10
-1.91,1.65018E-10
-1.9,1.6548E-10
-1.89,1.6597E-10
-1.88,1.6652E-10
-1.87,1.66959E-10
-1.86,1.67229E-10
-1.85,1.67889E-10
-1.84,1.68499E-10
-1.83,1.68994E-10
-1.82,1.6923E-10
-1.81,1.69973E-10
-1.8,1.70521E-10
-1.79,1.70798E-10
-1.78,1.7158E-10
-1.77,1.71881E-10
-1.76,1.72639E-10
-1.75,1.73105E-10
-1.74,1.73664E-10
-1.73,1.74345E-10
-1.72,1.74746E-10
-1.71,1.75604E-10
-1.7,1.76142E-10
-1.69,1.76736E-10
-1.68,1.77349E-10
-1.67,1.77923E-10
-1.66,1.78598E-10
-1.65,1.79322E-10
-1.64,1.79844E-10
-1.63,1.80493E-10
-1.62,1.81115E-10
-1.61,1.82041E-10
-1.6,1.82356E-10
-1.59,1.8308E-10
-1.58,1.83749E-10
-1.57,1.84396E-10
-1.56,1.85399E-10
-1.55,1.85634E-10
-1.54,1.86417E-10
-1.53,1.87401E-10
-1.52,1.87973E-10
-1.51,1.88888E-10
-1.5,1.89463E-10
-1.49,1.90227E-10
-1.48,1.91048E-10
-1.47,1.9185E-10
-1.46,1.92788E-10
-1.45,1.93395E-10
-1.44,1.93899E-10
-1.43,1.94816E-10
-1.42,1.95488E-10
-1.41,1.96201E-10
-1.4,1.96803E-10
-1.39,1.97437E-10
-1.38,1.97898E-10
-1.37,1.98525E-10
-1.36,1.99093E-10
-1.35,1.99434E-10
-1.34,1.99915E-10
-1.33,2.00505E-10
-1.32,2.00446E-10
-1.31,2.01184E-10
-1.3,2.01302E-10
-1.29,2.01436E-10
-1.28,2.01659E-10
-1.27,2.01589E-10
-1.26,2.0199E-10
-1.25,2.0181E-10
-1.24,2.0194E-10
-1.23,2.02197E-10
-1.22,2.02018E-10
-1.21,2.02185E-10
-1.2,2.01942E-10
-1.19,2.02095E-10
-1.18,2.02208E-10
-1.17,2.02445E-10
-1.16,2.02268E-10
-1.15,2.02035E-10
-1.14,2.0232E-10
-1.13,2.02327E-10
-1.12,2.02173E-10
-1.11,2.02313E-10
-1.1,2.02227E-10
-1.09,2.0253E-10
-1.08,2.02559E-10
-1.07,2.02263E-10
-1.06,2.0256E-10
-1.05,2.02359E-10
-1.04,2.02597E-10
-1.03,2.02215E-10
-1.02,2.02289E-10
-1.01,2.02398E-10
-1,2.02528E-10
-0.99,2.02459E-10
-0.98,2.02465E-10
-0.97,2.02643E-10
-0.96,2.02567E-10
-0.95,2.02629E-10
-0.94,2.02609E-10
-0.93,2.02408E-10
-0.92,2.03132E-10
-0.91,2.03027E-10
-0.9,2.02865E-10
-0.89,2.03014E-10
-0.88,2.03005E-10
-0.87,2.03165E-10
-0.86,2.03372E-10
-0.85,2.0364E-10
-0.84,2.03885E-10
-0.83,2.04234E-10
-0.82,2.04637E-10
-0.81,2.0485E-10
-0.8,2.05243E-10
-0.79,2.05839E-10
-0.78,2.06205E-10
-0.77,2.0696E-10
-0.76,2.07435E-10
-0.75,2.08511E-10
-0.74,2.09242E-10
-0.73,2.10118E-10
-0.72,2.11213E-10
-0.71,2.11839E-10
-0.7,2.12979E-10
-0.69,2.14253E-10
-0.68,2.15155E-10
-0.67,2.16583E-10
-0.66,2.17302E-10
-0.65,2.18818E-10
-0.64,2.20102E-10
-0.63,2.21177E-10
-0.62,2.2254E-10
-0.61,2.23589E-10
-0.6,2.25099E-10
-0.59,2.26468E-10
-0.58,2.27617E-10
-0.57,2.29217E-10
-0.56,2.30647E-10
-0.55,2.32142E-10
-0.54,2.33789E-10
-0.53,2.3508E-10
-0.52,2.369E-10
-0.51,2.38397E-10
-0.5,2.40146E-10
-0.49,2.42022E-10
-0.48,2.43714E-10
-0.47,2.45779E-10
-0.46,2.47335E-10
-0.45,2.49337E-10
-0.44,2.51396E-10
-0.43,2.53426E-10
-0.42,2.56046E-10
-0.41,2.5782E-10
-0.4,2.60804E-10
-0.39,2.62952E-10
-0.38,2.65124E-10
-0.37,2.68263E-10
-0.36,2.70656E-10
-0.35,2.7356E-10
-0.34,2.7624E-10
-0.33,2.78993E-10
-0.32,2.82234E-10
-0.31,2.84914E-10
-0.3,2.88467E-10
-0.29,2.91623E-10
-0.28,2.95098E-10
-0.27,2.98665E-10
-0.26,3.01627E-10
-0.25,3.05921E-10
-0.24,3.08886E-10
-0.23,3.13295E-10
-0.22,3.17029E-10
-0.21,3.20741E-10
-0.2,3.25176E-10
-0.19,3.28634E-10
-0.18,3.3254E-10
-0.17,3.36129E-10
-0.16,3.39572E-10
-0.15,3.43746E-10
-0.14,3.46404E-10
-0.13,3.50454E-10
-0.12,3.53113E-10
-0.11,3.56379E-10
-0.1,3.59912E-10
-0.09,3.62365E-10
-0.08,3.65592E-10
-0.07,3.68085E-10
-0.06,3.70696E-10
-0.05,3.73405E-10
-0.04,3.75351E-10
-0.03,3.78134E-10
-0.02,3.79883E-10
-0.01,3.81913E-10
0,3.83887E-10
0.01,3.85521E-10
0.02,3.87312E-10
0.03,3.8871E-10
0.04,3.90503E-10
0.05,3.91746E-10
0.06,3.93109E-10
0.07,3.94718E-10
0.08,3.95693E-10
0.09,3.97075E-10
0.1,3.97867E-10
0.11,3.99119E-10
0.12,3.99967E-10
0.13,4.00593E-10
0.14,4.01598E-10
0.15,4.02399E-10
0.16,4.02905E-10
0.17,4.04161E-10
0.18,4.04596E-10
0.19,4.0528E-10
0.2,4.0591E-10
0.21,4.06568E-10
0.22,4.0718E-10
0.23,4.07764E-10
0.24,4.08305E-10
0.25,4.08825E-10
0.26,4.09072E-10
0.27,4.09587E-10
0.28,4.10142E-10
0.29,4.10785E-10
0.3,4.10802E-10
0.31,4.11278E-10
0.32,4.11635E-10
0.33,4.11937E-10
0.34,4.12308E-10
0.35,4.12377E-10
0.36,4.13001E-10
0.37,4.13292E-10
0.38,4.13458E-10
0.39,4.13932E-10
0.4,4.13963E-10
0.41,4.14415E-10
0.42,4.14542E-10
0.43,4.14539E-10
0.44,4.15132E-10
0.45,4.15282E-10
0.46,4.15584E-10
0.47,4.16014E-10
0.48,4.15805E-10
0.49,4.16184E-10
0.5,4.16268E-10
0.51,4.16615E-10
0.52,4.16576E-10
0.53,4.16801E-10
0.54,4.1708E-10
0.55,4.17273E-10
0.56,4.1743E-10
0.57,4.17313E-10
0.58,4.17707E-10
0.59,4.18005E-10
0.6,4.17677E-10
0.61,4.1815E-10
0.62,4.18321E-10
0.63,4.18273E-10
0.64,4.18304E-10
0.65,4.18661E-10
0.66,4.18879E-10
0.67,4.18816E-10
0.68,4.19058E-10
0.69,4.19185E-10
0.7,4.19206E-10
0.71,4.19357E-10
0.72,4.19215E-10
0.73,4.19417E-10
0.74,4.19742E-10
0.75,4.19726E-10
0.76,4.19646E-10
0.77,4.19619E-10
0.78,4.19877E-10
0.79,4.2008E-10
0.8,4.20027E-10
0.81,4.20161E-10
0.82,4.20133E-10
0.83,4.20186E-10
0.84,4.2024E-10
0.85,4.20251E-10
0.86,4.20516E-10
0.87,4.20706E-10
0.88,4.206E-10
0.89,4.20838E-10
0.9,4.20919E-10
0.91,4.2085E-10
0.92,4.20957E-10
0.93,4.21154E-10
0.94,4.21196E-10
0.95,4.21068E-10
0.96,4.21224E-10
0.97,4.21095E-10
0.98,4.21432E-10
0.99,4.21339E-10
1,4.21234E-10
1.01,4.21424E-10
1.02,4.21554E-10
1.03,4.21656E-10
1.04,4.21705E-10
1.05,4.21736E-10
1.06,4.21879E-10
1.07,4.21734E-10
1.08,4.21949E-10
1.09,4.21822E-10
1.1,4.21819E-10
1.11,4.22053E-10
1.12,4.21725E-10
1.13,4.22085E-10
1.14,4.22084E-10
1.15,4.22268E-10
1.16,4.22176E-10
1.17,4.22277E-10
1.18,4.22525E-10
1.19,4.22117E-10
1.2,4.22225E-10
1.21,4.22388E-10
1.22,4.22267E-10
1.23,4.22365E-10
1.24,4.22523E-10
1.25,4.22498E-10
1.26,4.22491E-10
1.27,4.22192E-10
1.28,4.22606E-10
1.29,4.22512E-10
1.3,4.22946E-10
1.31,4.22462E-10
1.32,4.22597E-10
1.33,4.22768E-10
1.34,4.22684E-10
1.35,4.22858E-10
1.36,4.22698E-10
1.37,4.22839E-10
1.38,4.23061E-10
1.39,4.22777E-10
1.4,4.22902E-10
1.41,4.23093E-10
1.42,4.23063E-10
1.43,4.23116E-10
1.44,4.22872E-10
1.45,4.2299E-10
1.46,4.23101E-10
1.47,4.23276E-10
1.48,4.23029E-10
1.49,4.23039E-10
1.5,4.23294E-10
1.51,4.2329E-10
1.52,4.23227E-10
1.53,4.2349E-10
1.54,4.23E-10
1.55,4.23433E-10
1.56,4.2323E-10
1.57,4.23293E-10
1.58,4.23594E-10
1.59,4.2325E-10
1.6,4.2349E-10
1.61,4.23472E-10
1.62,4.23379E-10
1.63,4.23451E-10
1.64,4.23488E-10
1.65,4.23533E-10
1.66,4.23516E-10
1.67,4.23533E-10
1.68,4.23557E-10
1.69,4.2367E-10
1.7,4.23659E-10
1.71,4.23647E-10
1.72,4.23517E-10
1.73,4.23827E-10
1.74,4.23836E-10
1.75,4.23955E-10
1.76,4.23568E-10
1.77,4.23735E-10
1.78,4.23792E-10
1.79,4.23491E-10
1.8,4.23758E-10
1.81,4.23696E-10
1.82,4.23968E-10
1.83,4.23943E-10
1.84,4.23659E-10
1.85,4.23999E-10
1.86,4.23819E-10
1.87,4.23933E-10
1.88,4.23902E-10
1.89,4.23837E-10
1.9,4.24072E-10
1.91,4.23875E-10
1.92,4.24076E-10
1.93,4.239E-10
1.94,4.23952E-10
1.95,4.24267E-10
1.96,4.24168E-10
1.97,4.241E-10
1.98,4.24131E-10
1.99,4.2407E-10
2,4.24137E-10
2,4.24188E-10
1.99,4.24257E-10
1.98,4.23844E-10
1.97,4.24057E-10
1.96,4.24206E-10
1.95,4.23823E-10
1.94,4.24178E-10
1.93,4.23775E-10
1.92,4.23913E-10
1.91,4.24161E-10
1.9,4.23941E-10
1.89,4.24061E-10
1.88,4.23929E-10
1.87,4.2384E-10
1.86,4.23905E-10
1.85,4.23933E-10
1.84,4.24022E-10
1.83,4.24049E-10
1.82,4.23847E-10
1.81,4.23784E-10
1.8,4.23765E-10
1.79,4.23852E-10
1.78,4.23724E-10
1.77,4.23746E-10
1.76,4.23737E-10
1.75,4.23838E-10
1.74,4.23949E-10
1.73,4.23731E-10
1.72,4.23677E-10
1.71,4.23647E-10
1.7,4.23559E-10
1.69,4.23711E-10
1.68,4.23498E-10
1.67,4.2344E-10
1.66,4.23581E-10
1.65,4.2357E-10
1.64,4.23558E-10
1.63,4.23501E-10
1.62,4.23539E-10
1.61,4.23487E-10
1.6,4.23379E-10
1.59,4.23363E-10
1.58,4.23146E-10
1.57,4.23357E-10
1.56,4.23446E-10
1.55,4.23243E-10
1.54,4.23428E-10
1.53,4.23299E-10
1.52,4.2354E-10
1.51,4.23048E-10
1.5,4.22938E-10
1.49,4.23271E-10
1.48,4.2302E-10
1.47,4.23552E-10
1.46,4.23065E-10
1.45,4.23022E-10
1.44,4.2302E-10
1.43,4.23099E-10
1.42,4.23052E-10
1.41,4.2315E-10
1.4,4.22756E-10
1.39,4.22981E-10
1.38,4.22842E-10
1.37,4.22895E-10
1.36,4.2287E-10
1.35,4.22687E-10
1.34,4.22906E-10
1.33,4.22817E-10
1.32,4.22732E-10
1.31,4.22812E-10
1.3,4.22712E-10
1.29,4.2265E-10
1.28,4.22463E-10
1.27,4.22709E-10
1.26,4.22469E-10
1.25,4.2266E-10
1.24,4.2247E-10
1.23,4.22234E-10
1.22,4.2242E-10
1.21,4.22263E-10
1.2,4.22348E-10
1.19,4.22192E-10
1.18,4.22243E-10
1.17,4.22264E-10
1.16,4.22061E-10
1.15,4.22128E-10
1.14,4.21985E-10
1.13,4.21952E-10
1.12,4.22076E-10
1.11,4.21887E-10
1.1,4.21891E-10
1.09,4.22056E-10
1.08,4.21726E-10
1.07,4.21871E-10
1.06,4.21712E-10
1.05,4.21803E-10
1.04,4.2178E-10
1.03,4.21644E-10
1.02,4.21488E-10
1.01,4.21271E-10
1,4.21471E-10
0.99,4.21375E-10
0.98,4.21482E-10
0.97,4.21337E-10
0.96,4.21027E-10
0.95,4.21124E-10
0.94,4.2111E-10
0.93,4.21046E-10
0.92,4.2103E-10
0.91,4.20722E-10
0.9,4.20939E-10
0.89,4.207E-10
0.88,4.20722E-10
0.87,4.20709E-10
0.86,4.20542E-10
0.85,4.20693E-10
0.84,4.20271E-10
0.83,4.20198E-10
0.82,4.20505E-10
0.81,4.2001E-10
0.8,4.2016E-10
0.79,4.2E-10
0.78,4.19941E-10
0.77,4.19914E-10
0.76,4.19714E-10
0.75,4.19858E-10
0.74,4.19399E-10
0.73,4.19763E-10
0.72,4.19482E-10
0.71,4.19205E-10
0.7,4.19334E-10
0.69,4.1881E-10
0.68,4.19239E-10
0.67,4.18959E-10
0.66,4.18695E-10
0.65,4.18849E-10
0.64,4.18492E-10
0.63,4.18671E-10
0.62,4.18536E-10
0.61,4.17993E-10
0.6,4.18207E-10
0.59,4.1764E-10
0.58,4.17722E-10
0.57,4.17302E-10
0.56,4.17373E-10
0.55,4.17371E-10
0.54,4.17432E-10
0.53,4.16953E-10
0.52,4.16711E-10
0.51,4.16608E-10
0.5,4.1663E-10
0.49,4.16261E-10
0.48,4.16069E-10
0.47,4.1578E-10
0.46,4.15762E-10
0.45,4.15556E-10
0.44,4.15161E-10
0.43,4.15099E-10
0.42,4.14734E-10
0.41,4.14591E-10
0.4,4.14657E-10
0.39,4.14254E-10
0.38,4.14015E-10
0.37,4.13584E-10
0.36,4.13148E-10
0.35,4.1284E-10
0.34,4.12503E-10
0.33,4.12294E-10
0.32,4.1179E-10
0.31,4.11653E-10
0.3,4.11197E-10
0.29,4.10849E-10
0.28,4.10415E-10
0.27,4.1003E-10
0.26,4.09558E-10
0.25,4.09275E-10
0.24,4.08332E-10
0.23,4.08249E-10
0.22,4.07593E-10
0.21,4.0695E-10
0.2,4.06237E-10
0.19,4.05738E-10
0.18,4.05362E-10
0.17,4.04526E-10
0.16,4.0381E-10
0.15,4.03108E-10
0.14,4.02069E-10
0.13,4.01451E-10
0.12,4.00548E-10
0.11,3.99627E-10
0.1,3.98592E-10
0.09,3.97536E-10
0.08,3.96586E-10
0.07,3.95104E-10
0.06,3.93973E-10
0.05,3.9248E-10
0.04,3.90938E-10
0.03,3.89676E-10
0.02,3.87894E-10
0.01,3.86339E-10
0,3.84546E-10
-0.01,3.82689E-10
-0.02,3.80642E-10
-0.03,3.78529E-10
-0.04,3.76566E-10
-0.05,3.74366E-10
-0.06,3.71431E-10
-0.07,3.69323E-10
-0.08,3.66405E-10
-0.09,3.63708E-10
-0.1,3.60843E-10
-0.11,3.57403E-10
-0.12,3.54777E-10
-0.13,3.51183E-10
-0.14,3.47835E-10
-0.15,3.44455E-10
-0.16,3.40509E-10
-0.17,3.37257E-10
-0.18,3.33359E-10
-0.19,3.29595E-10
-0.2,3.25981E-10
-0.21,3.21708E-10
-0.22,3.17962E-10
-0.23,3.13745E-10
-0.24,3.10345E-10
-0.25,3.06637E-10
-0.26,3.02407E-10
-0.27,2.994E-10
-0.28,2.95551E-10
-0.29,2.92363E-10
-0.3,2.89055E-10
-0.31,2.85255E-10
-0.32,2.82756E-10
-0.33,2.7941E-10
-0.34,2.76993E-10
-0.35,2.73814E-10
-0.36,2.70851E-10
-0.37,2.68568E-10
-0.38,2.65804E-10
-0.39,2.63392E-10
-0.4,2.60692E-10
-0.41,2.58251E-10
-0.42,2.56231E-10
-0.43,2.53737E-10
-0.44,2.51693E-10
-0.45,2.49615E-10
-0.46,2.47472E-10
-0.47,2.45724E-10
-0.48,2.43704E-10
-0.49,2.42142E-10
-0.5,2.40162E-10
-0.51,2.38623E-10
-0.52,2.37035E-10
-0.53,2.35349E-10
-0.54,2.3381E-10
-0.55,2.32243E-10
-0.56,2.30866E-10
-0.57,2.29426E-10
-0.58,2.28038E-10
-0.59,2.26612E-10
-0.6,2.25229E-10
-0.61,2.23843E-10
-0.62,2.22633E-10
-0.63,2.21238E-10
-0.64,2.20195E-10
-0.65,2.1859E-10
-0.66,2.17221E-10
-0.67,2.16307E-10
-0.68,2.15181E-10
-0.69,2.14006E-10
-0.7,2.12803E-10
-0.71,2.11868E-10
-0.72,2.10771E-10
-0.73,2.09823E-10
-0.74,2.08846E-10
-0.75,2.0774E-10
-0.76,2.06671E-10
-0.77,2.05916E-10
-0.78,2.04632E-10
-0.79,2.0401E-10
-0.8,2.02998E-10
-0.81,2.02133E-10
-0.82,2.01332E-10
-0.83,2.00087E-10
-0.84,1.99454E-10
-0.85,1.98435E-10
-0.86,1.97549E-10
-0.87,1.96944E-10
-0.88,1.95844E-10
-0.89,1.95285E-10
-0.9,1.94136E-10
-0.91,1.93635E-10
-0.92,1.92752E-10
-0.93,1.91979E-10
-0.94,1.91275E-10
-0.95,1.90543E-10
-0.96,1.89908E-10
-0.97,1.8909E-10
-0.98,1.88405E-10
-0.99,1.8774E-10
-1,1.8701E-10
-1.01,1.86422E-10
-1.02,1.85819E-10
-1.03,1.85025E-10
-1.04,1.8453E-10
-1.05,1.8379E-10
-1.06,1.8299E-10
-1.07,1.82296E-10
-1.08,1.81702E-10
-1.09,1.80994E-10
-1.1,1.8039E-10
-1.11,1.79843E-10
-1.12,1.79171E-10
-1.13,1.79104E-10
-1.14,1.78241E-10
-1.15,1.77676E-10
-1.16,1.77087E-10
-1.17,1.76379E-10
-1.18,1.75814E-10
-1.19,1.75162E-10
-1.2,1.74747E-10
-1.21,1.74301E-10
-1.22,1.73628E-10
-1.23,1.73048E-10
-1.24,1.72646E-10
-1.25,1.72164E-10
-1.26,1.71585E-10
-1.27,1.71098E-10
-1.28,1.70595E-10
-1.29,1.70103E-10
-1.3,1.69599E-10
-1.31,1.69206E-10
-1.32,1.68537E-10
-1.33,1.68214E-10
-1.34,1.67869E-10
-1.35,1.67293E-10
-1.36,1.6687E-10
-1.37,1.66292E-10
-1.38,1.65732E-10
-1.39,1.65322E-10
-1.4,1.64794E-10
-1.41,1.6448E-10
-1.42,1.63985E-10
-1.43,1.63685E-10
-1.44,1.63357E-10
-1.45,1.62916E-10
-1.46,1.62375E-10
-1.47,1.61825E-10
-1.48,1.61619E-10
-1.49,1.61055E-10
-1.5,1.60898E-10
-1.51,1.60303E-10
-1.52,1.59933E-10
-1.53,1.59456E-10
-1.54,1.59184E-10
-1.55,1.58775E-10
-1.56,1.5838E-10
-1.57,1.58088E-10
-1.58,1.57631E-10
-1.59,1.57162E-10
-1.6,1.56803E-10
-1.61,1.56496E-10
-1.62,1.56191E-10
-1.63,1.55812E-10
-1.64,1.55406E-10
-1.65,1.55104E-10
-1.66,1.54544E-10
-1.67,1.54524E-10
-1.68,1.53914E-10
-1.69,1.53718E-10
-1.7,1.53302E-10
-1.71,1.52707E-10
-1.72,1.52503E-10
-1.73,1.52187E-10
-1.74,1.52037E-10
-1.75,1.5142E-10
-1.76,1.51421E-10
-1.77,1.50971E-10
-1.78,1.50724E-10
-1.79,1.50266E-10
-1.8,1.49871E-10
-1.81,1.49606E-10
-1.82,1.4922E-10
-1.83,1.49146E-10
-1.84,1.48778E-10
-1.85,1.48382E-10
-1.86,1.48208E-10
-1.87,1.47884E-10
-1.88,1.474E-10
-1.89,1.47242E-10
-1.9,1.46906E-10
-1.91,1.46583E-10
-1.92,1.46318E-10
-1.93,1.45919E-10
-1.94,1.4576E-10
-1.95,1.45411E-10
-1.96,1.45222E-10
-1.97,1.4494E-10
-1.98,1.44579E-10
-1.99,1.4428E-10
-2,1.44082E-10
-2,1.59719E-10
-1.99,1.60045E-10
-1.98,1.60496E-10
-1.97,1.60829E-10
-1.96,1.61276E-10
-1.95,1.61619E-10
-1.94,1.62104E-10
-1.93,1.62439E-10
-1.92,1.62979E-10
-1.91,1.63291E-10
-1.9,1.63802E-10
-1.89,1.64137E-10
-1.88,1.64663E-10
-1.87,1.64994E-10
-1.86,1.6553E-10
-1.85,1.6588E-10
-1.84,1.66395E-10
-1.83,1.66762E-10
-1.82,1.67231E-10
-1.81,1.67743E-10
-1.8,1.68183E-10
-1.79,1.68644E-10
-1.78,1.69087E-10
-1.77,1.696E-10
-1.76,1.70066E-10
-1.75,1.70521E-10
-1.74,1.71032E-10
-1.73,1.7149E-10
-1.72,1.72003E-10
-1.71,1.72481E-10
-1.7,1.73056E-10
-1.69,1.73559E-10
-1.68,1.74095E-10
-1.67,1.74579E-10
-1.66,1.75141E-10
-1.65,1.75663E-10
-1.64,1.76241E-10
-1.63,1.76708E-10
-1.62,1.77336E-10
-1.61,1.77805E-10
-1.6,1.78474E-10
-1.59,1.78918E-10
-1.58,1.7963E-10
-1.57,1.80108E-10
-1.56,1.80852E-10
-1.55,1.81304E-10
-1.54,1.82005E-10
-1.53,1.82523E-10
-1.52,1.83225E-10
-1.51,1.83763E-10
-1.5,1.84514E-10
-1.49,1.85103E-10
-1.48,1.85843E-10
-1.47,1.86401E-10
-1.46,1.87138E-10
-1.45,1.87737E-10
-1.44,1.88546E-10
-1.43,1.89157E-10
-1.42,1.89882E-10
-1.41,1.90557E-10
-1.4,1.91292E-10
-1.39,1.92001E-10
-1.38,1.92785E-10
-1.37,1.93481E-10
-1.36,1.94249E-10
-1.35,1.94991E-10
-1.34,1.95796E-10
-1.33,1.96616E-10
-1.32,1.9731E-10
-1.31,1.98133E-10
-1.3,1.98854E-10
-1.29,1.99712E-10
-1.28,2.00502E-10
-1.27,2.01377E-10
-1.26,2.02065E-10
-1.25,2.02966E-10
-1.24,2.03615E-10
-1.23,2.04483E-10
-1.22,2.05064E-10
-1.21,2.05781E-10
-1.2,2.06295E-10
-1.19,2.07084E-10
-1.18,2.07531E-10
-1.17,2.08149E-10
-1.16,2.08508E-10
-1.15,2.09123E-10
-1.14,2.09286E-10
-1.13,2.09707E-10
-1.12,2.0987E-10
-1.11,2.10327E-10
-1.1,2.10303E-10
-1.09,2.10742E-10
-1.08,2.10746E-10
-1.07,2.11064E-10
-1.06,2.11086E-10
-1.05,2.11267E-10
-1.04,2.11171E-10
-1.03,2.11461E-10
-1.02,2.11218E-10
-1.01,2.11518E-10
-1,2.11457E-10
-0.99,2.11638E-10
-0.98,2.11687E-10
-0.97,2.1172E-10
-0.96,2.11654E-10
-0.95,2.11822E-10
-0.94,2.11782E-10
-0.93,2.11895E-10
-0.92,2.11998E-10
-0.91,2.12101E-10
-0.9,2.12159E-10
-0.89,2.12165E-10
-0.88,2.12326E-10
-0.87,2.12491E-10
-0.86,2.12572E-10
-0.85,2.12827E-10
-0.84,2.13124E-10
-0.83,2.13284E-10
-0.82,2.13687E-10
-0.81,2.13871E-10
-0.8,2.14335E-10
-0.79,2.14684E-10
-0.78,2.15328E-10
-0.77,2.15821E-10
-0.76,2.16694E-10
-0.75,2.1736E-10
-0.74,2.18435E-10
-0.73,2.19191E-10
-0.72,2.20426E-10
-0.71,2.21206E-10
-0.7,2.22508E-10
-0.69,2.23377E-10
-0.68,2.24732E-10
-0.67,2.25661E-10
-0.66,2.27057E-10
-0.65,2.28074E-10
-0.64,2.29704E-10
-0.63,2.30795E-10
-0.62,2.32393E-10
-0.61,2.3347E-10
-0.6,2.35103E-10
-0.59,2.36319E-10
-0.58,2.37958E-10
-0.57,2.39253E-10
-0.56,2.4099E-10
-0.55,2.42396E-10
-0.54,2.44193E-10
-0.53,2.45669E-10
-0.52,2.47476E-10
-0.51,2.49097E-10
-0.5,2.50923E-10
-0.49,2.52671E-10
-0.48,2.54683E-10
-0.47,2.56582E-10
-0.46,2.58644E-10
-0.45,2.60659E-10
-0.44,2.62641E-10
-0.43,2.64928E-10
-0.42,2.672E-10
-0.41,2.69712E-10
-0.4,2.71921E-10
-0.39,2.74561E-10
-0.38,2.76923E-10
-0.37,2.79756E-10
-0.36,2.82142E-10
-0.35,2.85283E-10
-0.34,2.87766E-10
-0.33,2.9113E-10
-0.32,2.93863E-10
-0.31,2.97469E-10
-0.3,3.00382E-10
-0.29,3.04102E-10
-0.28,3.0708E-10
-0.27,3.11291E-10
-0.26,3.14244E-10
-0.25,3.18658E-10
-0.24,3.2187E-10
-0.23,3.26359E-10
-0.22,3.29721E-10
-0.21,3.34584E-10
-0.2,3.38088E-10
-0.19,3.42658E-10
-0.18,3.46272E-10
-0.17,3.50775E-10
-0.16,3.54219E-10
-0.15,3.58509E-10
-0.14,3.62113E-10
-0.13,3.66056E-10
-0.12,3.69576E-10
-0.11,3.73273E-10
-0.1,3.76638E-10
-0.09,3.79932E-10
-0.08,3.83E-10
-0.07,3.86012E-10
-0.06,3.89084E-10
-0.05,3.91589E-10
-0.04,3.94301E-10
-0.03,3.96575E-10
-0.02,3.99086E-10
-0.01,4.01055E-10
0,4.03322E-10
0.01,4.05072E-10
0.02,4.07278E-10
0.03,4.08656E-10
0.04,4.10444E-10
0.05,4.11796E-10
0.06,4.13519E-10
0.07,4.14725E-10
0.08,4.16174E-10
0.09,4.17167E-10
0.1,4.18606E-10
0.11,4.19412E-10
0.12,4.2061E-10
0.13,4.2146E-10
0.14,4.22495E-10
0.15,4.23244E-10
0.16,4.24234E-10
0.17,4.24852E-10
0.18,4.25737E-10
0.19,4.26257E-10
0.2,4.27084E-10
0.21,4.27673E-10
0.22,4.28398E-10
0.23,4.28832E-10
0.24,4.29537E-10
0.25,4.29978E-10
0.26,4.30557E-10
0.27,4.30881E-10
0.28,4.31419E-10
0.29,4.31825E-10
0.3,4.32248E-10
0.31,4.32617E-10
0.32,4.32995E-10
0.33,4.33437E-10
0.34,4.33725E-10
0.35,4.34149E-10
0.36,4.34386E-10
0.37,4.34737E-10
0.38,4.34962E-10
0.39,4.35403E-10
0.4,4.35525E-10
0.41,4.35918E-10
0.42,4.36113E-10
0.43,4.36455E-10
0.44,4.36523E-10
0.45,4.37005E-10
0.46,4.3697E-10
0.47,4.37438E-10
0.48,4.37413E-10
0.49,4.3785E-10
0.5,4.37846E-10
0.51,4.38207E-10
0.52,4.38217E-10
0.53,4.38583E-10
0.54,4.38582E-10
0.55,4.38974E-10
0.56,4.38889E-10
0.57,4.39248E-10
0.58,4.39228E-10
0.59,4.39588E-10
0.6,4.39581E-10
0.61,4.39828E-10
0.62,4.39885E-10
0.63,4.4003E-10
0.64,4.40163E-10
0.65,4.4034E-10
0.66,4.40363E-10
0.67,4.40561E-10
0.68,4.40675E-10
0.69,4.40749E-10
0.7,4.40853E-10
0.71,4.41E-10
0.72,4.41082E-10
0.73,4.41157E-10
0.74,4.41313E-10
0.75,4.41382E-10
0.76,4.4151E-10
0.77,4.41573E-10
0.78,4.41739E-10
0.79,4.41692E-10
0.8,4.41895E-10
0.81,4.4191E-10
0.82,4.42163E-10
0.83,4.42058E-10
0.84,4.42273E-10
0.85,4.42248E-10
0.86,4.42399E-10
0.87,4.4234E-10
0.88,4.42662E-10
0.89,4.42429E-10
0.9,4.42745E-10
0.91,4.42593E-10
0.92,4.42849E-10
0.93,4.42718E-10
0.94,4.42973E-10
0.95,4.42866E-10
0.96,4.43082E-10
0.97,4.42994E-10
0.98,4.4328E-10
0.99,4.43159E-10
1,4.43348E-10
1.01,4.43237E-10
1.02,4.43465E-10
1.03,4.43326E-10
1.04,4.4353E-10
1.05,4.43507E-10
1.06,4.43652E-10
1.07,4.43666E-10
1.08,4.4375E-10
1.09,4.43721E-10
1.1,4.43877E-10
1.11,4.43725E-10
1.12,4.43994E-10
1.13,4.43919E-10
1.14,4.43964E-10
1.15,4.43926E-10
1.16,4.44118E-10
1.17,4.44049E-10
1.18,4.44142E-10
1.19,4.44146E-10
1.2,4.44177E-10
1.21,4.44274E-10
1.22,4.44214E-10
1.23,4.44353E-10
1.24,4.44303E-10
1.25,4.44428E-10
1.26,4.44384E-10
1.27,4.44485E-10
1.28,4.44466E-10
1.29,4.44564E-10
1.3,4.44522E-10
1.31,4.44736E-10
1.32,4.44606E-10
1.33,4.44735E-10
1.34,4.44649E-10
1.35,4.44812E-10
1.36,4.44663E-10
1.37,4.44911E-10
1.38,4.44732E-10
1.39,4.4498E-10
1.4,4.44801E-10
1.41,4.45009E-10
1.42,4.44851E-10
1.43,4.45034E-10
1.44,4.44941E-10
1.45,4.45141E-10
1.46,4.44949E-10
1.47,4.4514E-10
1.48,4.45057E-10
1.49,4.45184E-10
1.5,4.45054E-10
1.51,4.45301E-10
1.52,4.45195E-10
1.53,4.45285E-10
1.54,4.45214E-10
1.55,4.45376E-10
1.56,4.45243E-10
1.57,4.45416E-10
1.58,4.45319E-10
1.59,4.45459E-10
1.6,4.45334E-10
1.61,4.45468E-10
1.62,4.45417E-10
1.63,4.45487E-10
1.64,4.45449E-10
1.65,4.45497E-10
1.66,4.45526E-10
1.67,4.45509E-10
1.68,4.45574E-10
1.69,4.45594E-10
1.7,4.45639E-10
1.71,4.45593E-10
1.72,4.45767E-10
1.73,4.45606E-10
1.74,4.45702E-10
1.75,4.4562E-10
1.76,4.45697E-10
1.77,4.45635E-10
1.78,4.45819E-10
1.79,4.45718E-10
1.8,4.45825E-10
1.81,4.45665E-10
1.82,4.45962E-10
1.83,4.45717E-10
1.84,4.45918E-10
1.85,4.45811E-10
1.86,4.46E-10
1.87,4.45818E-10
1.88,4.45992E-10
1.89,4.4585E-10
1.9,4.46086E-10
1.91,4.45868E-10
1.92,4.46055E-10
1.93,4.45953E-10
1.94,4.46081E-10
1.95,4.45922E-10
1.96,4.46127E-10
1.97,4.45965E-10
1.98,4.46138E-10
1.99,4.4605E-10
2,4.46173E-10
2,4.46098E-10
1.99,4.46157E-10
1.98,4.46143E-10
1.97,4.45987E-10
1.96,4.46069E-10
1.95,4.46066E-10
1.94,4.46089E-10
1.93,4.45972E-10
1.92,4.4608E-10
1.91,4.45903E-10
1.9,4.4603E-10
1.89,4.45827E-10
1.88,4.45964E-10
1.87,4.45827E-10
1.86,4.46012E-10
1.85,4.45809E-10
1.84,4.45958E-10
1.83,4.45815E-10
1.82,4.4593E-10
1.81,4.45738E-10
1.8,4.45878E-10
1.79,4.45753E-10
1.78,4.45899E-10
1.77,4.4563E-10
1.76,4.4585E-10
1.75,4.45676E-10
1.74,4.45786E-10
1.73,4.45635E-10
1.72,4.45719E-10
1.71,4.4553E-10
1.7,4.45712E-10
1.69,4.45522E-10
1.68,4.45706E-10
1.67,4.4548E-10
1.66,4.45584E-10
1.65,4.45467E-10
1.64,4.45551E-10
1.63,4.45489E-10
1.62,4.45542E-10
1.61,4.45429E-10
1.6,4.45432E-10
1.59,4.45378E-10
1.58,4.45403E-10
1.57,4.45376E-10
1.56,4.45417E-10
1.55,4.45237E-10
1.54,4.45283E-10
1.53,4.45298E-10
1.52,4.45182E-10
1.51,4.45215E-10
1.5,4.4521E-10
1.49,4.45288E-10
1.48,4.45128E-10
1.47,4.45193E-10
1.46,4.45012E-10
1.45,4.45142E-10
1.44,4.44959E-10
1.43,4.45042E-10
1.42,4.4486E-10
1.41,4.45054E-10
1.4,4.4478E-10
1.39,4.45004E-10
1.38,4.448E-10
1.37,4.44986E-10
1.36,4.44698E-10
1.35,4.44866E-10
1.34,4.447E-10
1.33,4.44772E-10
1.32,4.44604E-10
1.31,4.4475E-10
1.3,4.44529E-10
1.29,4.44686E-10
1.28,4.44495E-10
1.27,4.44596E-10
1.26,4.44415E-10
1.25,4.44481E-10
1.24,4.44353E-10
1.23,4.444E-10
1.22,4.44275E-10
1.21,4.44346E-10
1.2,4.44203E-10
1.19,4.44272E-10
1.18,4.44147E-10
1.17,4.44138E-10
1.16,4.44005E-10
1.15,4.44117E-10
1.14,4.43971E-10
1.13,4.43972E-10
1.12,4.43875E-10
1.11,4.43899E-10
1.1,4.43815E-10
1.09,4.4373E-10
1.08,4.43717E-10
1.07,4.43645E-10
1.06,4.43691E-10
1.05,4.43588E-10
1.04,4.43557E-10
1.03,4.43416E-10
1.02,4.43481E-10
1.01,4.43286E-10
1,4.43372E-10
0.99,4.43228E-10
0.98,4.43334E-10
0.97,4.43015E-10
0.96,4.43117E-10
0.95,4.42944E-10
0.94,4.43082E-10
0.93,4.42851E-10
0.92,4.42887E-10
0.91,4.42685E-10
0.9,4.42781E-10
0.89,4.42571E-10
0.88,4.42701E-10
0.87,4.42408E-10
0.86,4.4259E-10
0.85,4.42243E-10
0.84,4.42362E-10
0.83,4.42125E-10
0.82,4.42194E-10
0.81,4.41972E-10
0.8,4.4207E-10
0.79,4.41832E-10
0.78,4.41831E-10
0.77,4.41638E-10
0.76,4.41682E-10
0.75,4.41463E-10
0.74,4.41442E-10
0.73,4.41295E-10
0.72,4.41252E-10
0.71,4.41123E-10
0.7,4.41056E-10
0.69,4.40912E-10
0.68,4.40748E-10
0.67,4.40693E-10
0.66,4.4053E-10
0.65,4.40453E-10
0.64,4.40262E-10
0.63,4.40226E-10
0.62,4.40024E-10
0.61,4.39995E-10
0.6,4.39704E-10
0.59,4.39641E-10
0.58,4.39428E-10
0.57,4.39399E-10
0.56,4.39102E-10
0.55,4.39127E-10
0.54,4.38764E-10
0.53,4.38731E-10
0.52,4.38472E-10
0.51,4.3841E-10
0.5,4.38123E-10
0.49,4.38109E-10
0.48,4.37722E-10
0.47,4.37679E-10
0.46,4.37248E-10
0.45,4.37235E-10
0.44,4.36807E-10
0.43,4.36761E-10
0.42,4.36304E-10
0.41,4.36206E-10
0.4,4.35834E-10
0.39,4.35687E-10
0.38,4.35295E-10
0.37,4.35088E-10
0.36,4.34707E-10
0.35,4.34518E-10
0.34,4.34039E-10
0.33,4.33843E-10
0.32,4.33336E-10
0.31,4.33089E-10
0.3,4.32594E-10
0.29,4.32267E-10
0.28,4.31729E-10
0.27,4.31487E-10
0.26,4.30878E-10
0.25,4.30471E-10
0.24,4.29959E-10
0.23,4.29388E-10
0.22,4.28923E-10
0.21,4.28287E-10
0.2,4.27525E-10
0.19,4.26999E-10
0.18,4.26279E-10
0.17,4.2556E-10
0.16,4.24901E-10
0.15,4.24025E-10
0.14,4.23288E-10
0.13,4.2234E-10
0.12,4.21332E-10
0.11,4.20371E-10
0.1,4.19479E-10
0.09,4.18194E-10
0.08,4.17195E-10
0.07,4.15763E-10
0.06,4.14596E-10
0.05,4.13025E-10
0.04,4.11655E-10
0.03,4.09907E-10
0.02,4.08521E-10
0.01,4.06485E-10
0,4.04801E-10
-0.01,4.02513E-10
-0.02,4.00604E-10
-0.03,3.98168E-10
-0.04,3.95939E-10
-0.05,3.93197E-10
-0.06,3.90887E-10
-0.07,3.87667E-10
-0.08,3.85065E-10
-0.09,3.81592E-10
-0.1,3.7877E-10
-0.11,3.74877E-10
-0.12,3.71687E-10
-0.13,3.67614E-10
-0.14,3.64386E-10
-0.15,3.59806E-10
-0.16,3.56471E-10
-0.17,3.51875E-10
-0.18,3.48454E-10
-0.19,3.43716E-10
-0.2,3.40178E-10
-0.21,3.35641E-10
-0.22,3.31753E-10
-0.23,3.27191E-10
-0.24,3.2381E-10
-0.25,3.19381E-10
-0.26,3.16107E-10
-0.27,3.11895E-10
-0.28,3.08628E-10
-0.29,3.04778E-10
-0.3,3.01566E-10
-0.31,2.9795E-10
-0.32,2.94936E-10
-0.33,2.91562E-10
-0.34,2.88843E-10
-0.35,2.85698E-10
-0.36,2.82964E-10
-0.37,2.80172E-10
-0.38,2.77557E-10
-0.39,2.75E-10
-0.4,2.72448E-10
-0.41,2.70074E-10
-0.42,2.67743E-10
-0.43,2.65433E-10
-0.44,2.62953E-10
-0.45,2.61057E-10
-0.46,2.58826E-10
-0.47,2.57043E-10
-0.48,2.54793E-10
-0.49,2.53148E-10
-0.5,2.5111E-10
-0.51,2.4958E-10
-0.52,2.47535E-10
-0.53,2.46078E-10
-0.54,2.44127E-10
-0.55,2.42762E-10
-0.56,2.40925E-10
-0.57,2.39674E-10
-0.58,2.37884E-10
-0.59,2.36761E-10
-0.6,2.3495E-10
-0.61,2.3386E-10
-0.62,2.32153E-10
-0.63,2.31097E-10
-0.64,2.29498E-10
-0.65,2.2838E-10
-0.66,2.26878E-10
-0.67,2.25869E-10
-0.68,2.2435E-10
-0.69,2.23412E-10
-0.7,2.22074E-10
-0.71,2.21095E-10
-0.72,2.19833E-10
-0.73,2.18789E-10
-0.74,2.17623E-10
-0.75,2.16583E-10
-0.76,2.15526E-10
-0.77,2.14462E-10
-0.78,2.13463E-10
-0.79,2.12458E-10
-0.8,2.11537E-10
-0.81,2.1053E-10
-0.82,2.09636E-10
-0.83,2.08575E-10
-0.84,2.07783E-10
-0.85,2.06736E-10
-0.86,2.05891E-10
-0.87,2.04914E-10
-0.88,2.04138E-10
-0.89,2.03204E-10
-0.9,2.02452E-10
-0.91,2.01505E-10
-0.92,2.00739E-10
-0.93,1.99848E-10
-0.94,1.99201E-10
-0.95,1.98294E-10
-0.96,1.97652E-10
-0.97,1.96743E-10
-0.98,1.96132E-10
-0.99,1.95272E-10
-1,1.94609E-10
-1.01,1.9381E-10
-1.02,1.93221E-10
-1.03,1.92401E-10
-1.04,1.91852E-10
-1.05,1.91028E-10
-1.06,1.90466E-10
-1.07,1.89597E-10
-1.08,1.89119E-10
-1.09,1.88325E-10
-1.1,1.87816E-10
-1.11,1.87064E-10
-1.12,1.86479E-10
-1.13,1.8576E-10
-1.14,1.85314E-10
-1.15,1.84539E-10
-1.16,1.84031E-10
-1.17,1.83419E-10
-1.18,1.82845E-10
-1.19,1.82158E-10
-1.2,1.81674E-10
-1.21,1.81086E-10
-1.22,1.80579E-10
-1.23,1.79975E-10
-1.24,1.79416E-10
-1.25,1.78891E-10
-1.26,1.78396E-10
-1.27,1.77812E-10
-1.28,1.77272E-10
-1.29,1.76638E-10
-1.3,1.76195E-10
-1.31,1.75697E-10
-1.32,1.75152E-10
-1.33,1.74712E-10
-1.34,1.74128E-10
-1.35,1.73712E-10
-1.36,1.73149E-10
-1.37,1.72761E-10
-1.38,1.72212E-10
-1.39,1.71855E-10
-1.4,1.7125E-10
-1.41,1.70873E-10
-1.42,1.70342E-10
-1.43,1.69954E-10
-1.44,1.69419E-10
-1.45,1.69071E-10
-1.46,1.68552E-10
-1.47,1.68181E-10
-1.48,1.67671E-10
-1.49,1.67296E-10
-1.5,1.66735E-10
-1.51,1.66373E-10
-1.52,1.65907E-10
-1.53,1.65576E-10
-1.54,1.65077E-10
-1.55,1.6473E-10
-1.56,1.64248E-10
-1.57,1.63982E-10
-1.58,1.63458E-10
-1.59,1.63178E-10
-1.6,1.62689E-10
-1.61,1.62363E-10
-1.62,1.6191E-10
-1.63,1.61589E-10
-1.64,1.61123E-10
-1.65,1.60834E-10
-1.66,1.60379E-10
-1.67,1.6006E-10
-1.68,1.59663E-10
-1.69,1.5932E-10
-1.7,1.58924E-10
-1.71,1.5859E-10
-1.72,1.58181E-10
-1.73,1.57853E-10
-1.74,1.57492E-10
-1.75,1.57185E-10
-1.76,1.56762E-10
-1.77,1.56498E-10
-1.78,1.56098E-10
-1.79,1.55821E-10
-1.8,1.55406E-10
-1.81,1.5515E-10
-1.82,1.54728E-10
-1.83,1.54478E-10
-1.84,1.54066E-10
-1.85,1.5384E-10
-1.86,1.53426E-10
-1.87,1.53157E-10
-1.88,1.52805E-10
-1.89,1.52538E-10
-1.9,1.52155E-10
-1.91,1.51956E-10
-1.92,1.51529E-10
-1.93,1.51263E-10
-1.94,1.50906E-10
-1.95,1.50643E-10
-1.96,1.50328E-10
-1.97,1.5006E-10
-1.98,1.49715E-10
-1.99,1.49467E-10
-2,1.49123E-10
