Setup title,C_v_-6_0v_dark
Classic test name,"C-V Sweep"
Test date,3/22/2023
Test time,17:26:18
Device ID,3
Count,2
Flags,
Remarks,
Channel.UnitTyp,CMU
Channel.Unit,CMU1:MF/SC
Channel.IName,
Channel.VName,VBias
Channel.Mode,
Channel.Func,VAR1
Channel.Index,
Channel.Time,
Measurement.Primary.Locus,Double
Measurement.Primary.Scale,LINEAR
Measurement.Primary.Start,-6
Measurement.Primary.Stop,2.5
Measurement.Primary.Step,0.01
Measurement.Aborting.Condition,"CONTINUE AT ANY"
Measurement.PostOutput.Value,START
Measurement.PostOutput.Retention,OFF
Measurement.Secondary.ACLevel,0.03
Measurement.Secondary.FName,Freq
Measurement.Secondary.Frequency,100000,500000,1000000
Measurement.Bias.Source,0
Measurement.ImpedanceMode.Model,Cp-G
Measurement.ImpedanceMode.CName,C
Measurement.ImpedanceMode.LName,L
Measurement.ImpedanceMode.GName,G
Measurement.ImpedanceMode.RName,R
Measurement.ImpedanceMode.QName,Q
Measurement.ImpedanceMode.DName,D
Measurement.ImpedanceMode.YName,Y
Measurement.ImpedanceMode.ZName,Z
Measurement.ImpedanceMode.ThName,Theta
Measurement.ImpedanceMode.BName,B
Measurement.ImpedanceMode.XName,X
Measurement.Monitor.Unit,CMU1:MF/SC
Measurement.Monitor.RangingMode,AUTO
Measurement.Monitor.RangeBoundary,50
Measurement.Monitor.AcMonitorSymbol,
Measurement.Monitor.DcMonitorSymbol,
Measurement.Timing.Hold,0
Measurement.Timing.Delay,0
Measurement.Adc.UnitType,Cmu,Smu
Measurement.Adc.HighResolution.Mode,AUTO,AUTO
Measurement.Adc.HighResolution.Coeff,2,10
Measurement.Adc.HighSpeed.Mode,AUTO
Measurement.Adc.HighSpeed.Coeff,10
Measurement.Adc.HighResolution.AutoZero,OFF
Measurement.WaitTime.Source.Coeff,1
Measurement.WaitTime.Source.Offset,0
Measurement.WaitTime.Monitor.Coeff,1
Measurement.WaitTime.Monitor.Offset,0
Output.Graph.Enabled,true
Output.Graph.AutoScaling,false
Output.Graph.XAxis.Data,VBias
Output.Graph.XAxis.Scale,Linear
Output.Graph.XAxis.Left,-1
Output.Graph.XAxis.Right,1
Output.Graph.XAxis.RunTimeAutoScale,true
Output.Graph.YAxis.Data,C
Output.Graph.YAxis.Scale,Linear
Output.Graph.YAxis.Bottom,0
Output.Graph.YAxis.Top,1E-10
Output.Graph.YAxis.Group,
Output.Graph.YAxis.RunTimeAutoScale,true
AutoAnalysis.Interpolation,false
AutoAnalysis.Line1.Enabled,false
AutoAnalysis.Line1.Type,1
AutoAnalysis.Line1.Fix,True
AutoAnalysis.Line1.YAxis,0
AutoAnalysis.Line1.Point1.Type,0
AutoAnalysis.Line1.Point1.XY.X,
AutoAnalysis.Line1.Point1.XY.Y,
AutoAnalysis.Line1.Point1.Data.Var,
AutoAnalysis.Line1.Point1.Data.Condition,
AutoAnalysis.Line1.Point1.Data.Start,false
AutoAnalysis.Line1.Point1.Data.StartVar,
AutoAnalysis.Line1.Point1.Data.StartCondition,
AutoAnalysis.Line1.Point2.Type,0
AutoAnalysis.Line1.Point2.XY.X,
AutoAnalysis.Line1.Point2.XY.Y,
AutoAnalysis.Line1.Point2.Data.Var,
AutoAnalysis.Line1.Point2.Data.Condition,
AutoAnalysis.Line1.Point2.Data.Start,false
AutoAnalysis.Line1.Point2.Data.StartVar,
AutoAnalysis.Line1.Point2.Data.StartCondition,
AutoAnalysis.Line1.GradientExpr,0
AutoAnalysis.Line2.Enabled,false
AutoAnalysis.Line2.Type,1
AutoAnalysis.Line2.Fix,True
AutoAnalysis.Line2.YAxis,0
AutoAnalysis.Line2.Point1.Type,0
AutoAnalysis.Line2.Point1.XY.X,
AutoAnalysis.Line2.Point1.XY.Y,
AutoAnalysis.Line2.Point1.Data.Var,
AutoAnalysis.Line2.Point1.Data.Condition,
AutoAnalysis.Line2.Point1.Data.Start,false
AutoAnalysis.Line2.Point1.Data.StartVar,
AutoAnalysis.Line2.Point1.Data.StartCondition,
AutoAnalysis.Line2.Point2.Type,0
AutoAnalysis.Line2.Point2.XY.X,
AutoAnalysis.Line2.Point2.XY.Y,
AutoAnalysis.Line2.Point2.Data.Var,
AutoAnalysis.Line2.Point2.Data.Condition,
AutoAnalysis.Line2.Point2.Data.Start,false
AutoAnalysis.Line2.Point2.Data.StartVar,
AutoAnalysis.Line2.Point2.Data.StartCondition,
AutoAnalysis.Line2.GradientExpr,0
AutoAnalysis.Marker.Enabled,false
AutoAnalysis.Marker.Data.Var,
AutoAnalysis.Marker.Data.Condition,
AutoAnalysis.Marker.Data.Start,false
AutoAnalysis.Marker.Data.StartVar,
AutoAnalysis.Marker.Data.StartCondition,
VBias,C
-6,3.0616E-10
-5.99,3.07608E-10
-5.98,3.08981E-10
-5.97,3.10271E-10
-5.96,3.11419E-10
-5.95,3.12687E-10
-5.94,3.13407E-10
-5.93,3.14187E-10
-5.92,3.15144E-10
-5.91,3.16159E-10
-5.9,3.1705E-10
-5.89,3.17601E-10
-5.88,3.18537E-10
-5.87,3.19252E-10
-5.86,3.19993E-10
-5.85,3.20724E-10
-5.84,3.21626E-10
-5.83,3.2204E-10
-5.82,3.22701E-10
-5.81,3.23357E-10
-5.8,3.23705E-10
-5.79,3.24448E-10
-5.78,3.24886E-10
-5.77,3.25255E-10
-5.76,3.25828E-10
-5.75,3.26171E-10
-5.74,3.26651E-10
-5.73,3.26955E-10
-5.72,3.27185E-10
-5.71,3.27573E-10
-5.7,3.27913E-10
-5.69,3.28055E-10
-5.68,3.28402E-10
-5.67,3.2857E-10
-5.66,3.2888E-10
-5.65,3.29155E-10
-5.64,3.29466E-10
-5.63,3.29681E-10
-5.62,3.29941E-10
-5.61,3.30087E-10
-5.6,3.30298E-10
-5.59,3.30555E-10
-5.58,3.3077E-10
-5.57,3.30838E-10
-5.56,3.31144E-10
-5.55,3.31478E-10
-5.54,3.31496E-10
-5.53,3.31842E-10
-5.52,3.32088E-10
-5.51,3.32301E-10
-5.5,3.32524E-10
-5.49,3.32428E-10
-5.48,3.32711E-10
-5.47,3.3284E-10
-5.46,3.33164E-10
-5.45,3.33454E-10
-5.44,3.33668E-10
-5.43,3.33959E-10
-5.42,3.33967E-10
-5.41,3.34255E-10
-5.4,3.34515E-10
-5.39,3.34586E-10
-5.38,3.34847E-10
-5.37,3.34978E-10
-5.36,3.35264E-10
-5.35,3.3531E-10
-5.34,3.35501E-10
-5.33,3.35723E-10
-5.32,3.36001E-10
-5.31,3.36215E-10
-5.3,3.36498E-10
-5.29,3.36584E-10
-5.28,3.36974E-10
-5.27,3.36814E-10
-5.26,3.37075E-10
-5.25,3.3717E-10
-5.24,3.37451E-10
-5.23,3.37833E-10
-5.22,3.37744E-10
-5.21,3.3831E-10
-5.2,3.38133E-10
-5.19,3.38316E-10
-5.18,3.38824E-10
-5.17,3.38523E-10
-5.16,3.39016E-10
-5.15,3.39151E-10
-5.14,3.39161E-10
-5.13,3.39685E-10
-5.12,3.39509E-10
-5.11,3.39891E-10
-5.1,3.39925E-10
-5.09,3.40412E-10
-5.08,3.40441E-10
-5.07,3.4052E-10
-5.06,3.40897E-10
-5.05,3.40969E-10
-5.04,3.41208E-10
-5.03,3.41355E-10
-5.02,3.41461E-10
-5.01,3.41727E-10
-5,3.4174E-10
-4.99,3.4231E-10
-4.98,3.42273E-10
-4.97,3.42454E-10
-4.96,3.42769E-10
-4.95,3.42699E-10
-4.94,3.43145E-10
-4.93,3.43329E-10
-4.92,3.43238E-10
-4.91,3.43853E-10
-4.9,3.43606E-10
-4.89,3.4403E-10
-4.88,3.44299E-10
-4.87,3.44416E-10
-4.86,3.4487E-10
-4.85,3.44748E-10
-4.84,3.45098E-10
-4.83,3.45223E-10
-4.82,3.45431E-10
-4.81,3.45859E-10
-4.8,3.4572E-10
-4.79,3.46102E-10
-4.78,3.46194E-10
-4.77,3.46446E-10
-4.76,3.4679E-10
-4.75,3.46752E-10
-4.74,3.47321E-10
-4.73,3.4735E-10
-4.72,3.47472E-10
-4.71,3.47678E-10
-4.7,3.47772E-10
-4.69,3.48177E-10
-4.68,3.48324E-10
-4.67,3.48427E-10
-4.66,3.48763E-10
-4.65,3.4894E-10
-4.64,3.49412E-10
-4.63,3.49356E-10
-4.62,3.4976E-10
-4.61,3.50032E-10
-4.6,3.50103E-10
-4.59,3.50317E-10
-4.58,3.5046E-10
-4.57,3.50834E-10
-4.56,3.51219E-10
-4.55,3.51446E-10
-4.54,3.51495E-10
-4.53,3.5159E-10
-4.52,3.51995E-10
-4.51,3.52407E-10
-4.5,3.52446E-10
-4.49,3.52811E-10
-4.48,3.53064E-10
-4.47,3.53223E-10
-4.46,3.5359E-10
-4.45,3.5373E-10
-4.44,3.54231E-10
-4.43,3.5403E-10
-4.42,3.5469E-10
-4.41,3.54801E-10
-4.4,3.55002E-10
-4.39,3.55518E-10
-4.38,3.55439E-10
-4.37,3.56046E-10
-4.36,3.5612E-10
-4.35,3.56371E-10
-4.34,3.56505E-10
-4.33,3.56836E-10
-4.32,3.57413E-10
-4.31,3.57629E-10
-4.3,3.57956E-10
-4.29,3.58269E-10
-4.28,3.58417E-10
-4.27,3.587E-10
-4.26,3.59155E-10
-4.25,3.59445E-10
-4.24,3.59935E-10
-4.23,3.60191E-10
-4.22,3.60359E-10
-4.21,3.60519E-10
-4.2,3.60955E-10
-4.19,3.6125E-10
-4.18,3.61506E-10
-4.17,3.61863E-10
-4.16,3.62043E-10
-4.15,3.6257E-10
-4.14,3.6273E-10
-4.13,3.63009E-10
-4.12,3.63386E-10
-4.11,3.63399E-10
-4.1,3.63968E-10
-4.09,3.64191E-10
-4.08,3.64585E-10
-4.07,3.64805E-10
-4.06,3.65097E-10
-4.05,3.65331E-10
-4.04,3.65622E-10
-4.03,3.65842E-10
-4.02,3.66379E-10
-4.01,3.66528E-10
-4,3.67026E-10
-3.99,3.67149E-10
-3.98,3.67475E-10
-3.97,3.67944E-10
-3.96,3.68003E-10
-3.95,3.68612E-10
-3.94,3.68924E-10
-3.93,3.69129E-10
-3.92,3.69467E-10
-3.91,3.69638E-10
-3.9,3.70372E-10
-3.89,3.70637E-10
-3.88,3.70953E-10
-3.87,3.71339E-10
-3.86,3.71543E-10
-3.85,3.72069E-10
-3.84,3.72247E-10
-3.83,3.7274E-10
-3.82,3.73198E-10
-3.81,3.73544E-10
-3.8,3.74058E-10
-3.79,3.74118E-10
-3.78,3.74688E-10
-3.77,3.75171E-10
-3.76,3.75452E-10
-3.75,3.76002E-10
-3.74,3.7613E-10
-3.73,3.76798E-10
-3.72,3.77032E-10
-3.71,3.77524E-10
-3.7,3.78042E-10
-3.69,3.78378E-10
-3.68,3.78798E-10
-3.67,3.79228E-10
-3.66,3.79681E-10
-3.65,3.80204E-10
-3.64,3.80453E-10
-3.63,3.81183E-10
-3.62,3.81451E-10
-3.61,3.81814E-10
-3.6,3.82414E-10
-3.59,3.82637E-10
-3.58,3.83246E-10
-3.57,3.83628E-10
-3.56,3.84184E-10
-3.55,3.84737E-10
-3.54,3.84937E-10
-3.53,3.85637E-10
-3.52,3.85996E-10
-3.51,3.86232E-10
-3.5,3.87168E-10
-3.49,3.87168E-10
-3.48,3.88056E-10
-3.47,3.88283E-10
-3.46,3.88767E-10
-3.45,3.89319E-10
-3.44,3.89669E-10
-3.43,3.90315E-10
-3.42,3.9061E-10
-3.41,3.9102E-10
-3.4,3.91622E-10
-3.39,3.91877E-10
-3.38,3.9263E-10
-3.37,3.93024E-10
-3.36,3.9336E-10
-3.35,3.94083E-10
-3.34,3.94438E-10
-3.33,3.95136E-10
-3.32,3.95544E-10
-3.31,3.95953E-10
-3.3,3.96766E-10
-3.29,3.96736E-10
-3.28,3.97556E-10
-3.27,3.97856E-10
-3.26,3.98362E-10
-3.25,3.9889E-10
-3.24,3.99147E-10
-3.23,3.99721E-10
-3.22,4.00054E-10
-3.21,4.00635E-10
-3.2,4.01173E-10
-3.19,4.01511E-10
-3.18,4.02206E-10
-3.17,4.02189E-10
-3.16,4.03139E-10
-3.15,4.03555E-10
-3.14,4.03727E-10
-3.13,4.04289E-10
-3.12,4.04676E-10
-3.11,4.05232E-10
-3.1,4.05641E-10
-3.09,4.0597E-10
-3.08,4.06662E-10
-3.07,4.06934E-10
-3.06,4.07289E-10
-3.05,4.08173E-10
-3.04,4.08253E-10
-3.03,4.08818E-10
-3.02,4.09073E-10
-3.01,4.09738E-10
-3,4.10099E-10
-2.99,4.10524E-10
-2.98,4.11036E-10
-2.97,4.11128E-10
-2.96,4.11673E-10
-2.95,4.12114E-10
-2.94,4.12283E-10
-2.93,4.13024E-10
-2.92,4.13103E-10
-2.91,4.13632E-10
-2.9,4.14087E-10
-2.89,4.14307E-10
-2.88,4.14912E-10
-2.87,4.15016E-10
-2.86,4.15708E-10
-2.85,4.1565E-10
-2.84,4.16069E-10
-2.83,4.16486E-10
-2.82,4.16332E-10
-2.81,4.17248E-10
-2.8,4.17433E-10
-2.79,4.17745E-10
-2.78,4.18116E-10
-2.77,4.18051E-10
-2.76,4.18744E-10
-2.75,4.19045E-10
-2.74,4.19353E-10
-2.73,4.19729E-10
-2.72,4.19755E-10
-2.71,4.20446E-10
-2.7,4.20486E-10
-2.69,4.20942E-10
-2.68,4.21225E-10
-2.67,4.21178E-10
-2.66,4.21955E-10
-2.65,4.21592E-10
-2.64,4.22113E-10
-2.63,4.22456E-10
-2.62,4.22239E-10
-2.61,4.23151E-10
-2.6,4.23091E-10
-2.59,4.23298E-10
-2.58,4.23712E-10
-2.57,4.23945E-10
-2.56,4.24229E-10
-2.55,4.23972E-10
-2.54,4.24583E-10
-2.53,4.24769E-10
-2.52,4.24734E-10
-2.51,4.25432E-10
-2.5,4.25495E-10
-2.49,4.25629E-10
-2.48,4.25809E-10
-2.47,4.25927E-10
-2.46,4.26245E-10
-2.45,4.26282E-10
-2.44,4.26612E-10
-2.43,4.26837E-10
-2.42,4.26893E-10
-2.41,4.27308E-10
-2.4,4.27069E-10
-2.39,4.27556E-10
-2.38,4.27584E-10
-2.37,4.27729E-10
-2.36,4.28005E-10
-2.35,4.27909E-10
-2.34,4.28196E-10
-2.33,4.28486E-10
-2.32,4.28308E-10
-2.31,4.28661E-10
-2.3,4.28704E-10
-2.29,4.29085E-10
-2.28,4.29E-10
-2.27,4.29149E-10
-2.26,4.2955E-10
-2.25,4.29206E-10
-2.24,4.29575E-10
-2.23,4.29592E-10
-2.22,4.2997E-10
-2.21,4.29985E-10
-2.2,4.29906E-10
-2.19,4.30273E-10
-2.18,4.30288E-10
-2.17,4.30479E-10
-2.16,4.30697E-10
-2.15,4.30359E-10
-2.14,4.30728E-10
-2.13,4.30614E-10
-2.12,4.308E-10
-2.11,4.31183E-10
-2.1,4.30917E-10
-2.09,4.31324E-10
-2.08,4.31313E-10
-2.07,4.31311E-10
-2.06,4.31689E-10
-2.05,4.31465E-10
-2.04,4.31801E-10
-2.03,4.3178E-10
-2.02,4.31855E-10
-2.01,4.3207E-10
-2,4.31801E-10
-1.99,4.31997E-10
-1.98,4.32224E-10
-1.97,4.32123E-10
-1.96,4.32292E-10
-1.95,4.3224E-10
-1.94,4.32417E-10
-1.93,4.32437E-10
-1.92,4.32543E-10
-1.91,4.32661E-10
-1.9,4.32467E-10
-1.89,4.32838E-10
-1.88,4.328E-10
-1.87,4.32747E-10
-1.86,4.331E-10
-1.85,4.32962E-10
-1.84,4.33187E-10
-1.83,4.33163E-10
-1.82,4.33032E-10
-1.81,4.33138E-10
-1.8,4.33153E-10
-1.79,4.33275E-10
-1.78,4.33416E-10
-1.77,4.33487E-10
-1.76,4.33563E-10
-1.75,4.33393E-10
-1.74,4.3386E-10
-1.73,4.33475E-10
-1.72,4.33704E-10
-1.71,4.33828E-10
-1.7,4.33584E-10
-1.69,4.33909E-10
-1.68,4.33825E-10
-1.67,4.33989E-10
-1.66,4.34078E-10
-1.65,4.33968E-10
-1.64,4.34273E-10
-1.63,4.33906E-10
-1.62,4.34158E-10
-1.61,4.34553E-10
-1.6,4.3402E-10
-1.59,4.34375E-10
-1.58,4.34085E-10
-1.57,4.34343E-10
-1.56,4.34579E-10
-1.55,4.34196E-10
-1.54,4.34663E-10
-1.53,4.34469E-10
-1.52,4.34509E-10
-1.51,4.34685E-10
-1.5,4.34494E-10
-1.49,4.34683E-10
-1.48,4.34493E-10
-1.47,4.3484E-10
-1.46,4.34898E-10
-1.45,4.34503E-10
-1.44,4.34987E-10
-1.43,4.34837E-10
-1.42,4.34773E-10
-1.41,4.34933E-10
-1.4,4.34786E-10
-1.39,4.35033E-10
-1.38,4.34875E-10
-1.37,4.35024E-10
-1.36,4.35033E-10
-1.35,4.35026E-10
-1.34,4.35254E-10
-1.33,4.34878E-10
-1.32,4.35043E-10
-1.31,4.35249E-10
-1.3,4.35064E-10
-1.29,4.35329E-10
-1.28,4.35014E-10
-1.27,4.35247E-10
-1.26,4.35246E-10
-1.25,4.35422E-10
-1.24,4.35425E-10
-1.23,4.35321E-10
-1.22,4.3551E-10
-1.21,4.35456E-10
-1.2,4.35523E-10
-1.19,4.3563E-10
-1.18,4.35103E-10
-1.17,4.35547E-10
-1.16,4.35468E-10
-1.15,4.35396E-10
-1.14,4.35588E-10
-1.13,4.35399E-10
-1.12,4.35765E-10
-1.11,4.35574E-10
-1.1,4.35615E-10
-1.09,4.35658E-10
-1.08,4.35463E-10
-1.07,4.3594E-10
-1.06,4.35695E-10
-1.05,4.35664E-10
-1.04,4.35778E-10
-1.03,4.35739E-10
-1.02,4.35864E-10
-1.01,4.35745E-10
-1,4.35911E-10
-0.99,4.35874E-10
-0.98,4.35689E-10
-0.97,4.35975E-10
-0.96,4.3587E-10
-0.95,4.35945E-10
-0.94,4.3579E-10
-0.93,4.35969E-10
-0.92,4.35989E-10
-0.91,4.35742E-10
-0.9,4.36094E-10
-0.89,4.36322E-10
-0.88,4.35813E-10
-0.87,4.36192E-10
-0.86,4.35739E-10
-0.85,4.36156E-10
-0.84,4.36157E-10
-0.83,4.36057E-10
-0.82,4.36139E-10
-0.81,4.35949E-10
-0.8,4.36069E-10
-0.79,4.36309E-10
-0.78,4.35882E-10
-0.77,4.36301E-10
-0.76,4.36036E-10
-0.75,4.36267E-10
-0.74,4.36088E-10
-0.73,4.36228E-10
-0.72,4.3635E-10
-0.71,4.35995E-10
-0.7,4.36357E-10
-0.69,4.36256E-10
-0.68,4.36074E-10
-0.67,4.36373E-10
-0.66,4.36283E-10
-0.65,4.36403E-10
-0.64,4.36194E-10
-0.63,4.36378E-10
-0.62,4.36459E-10
-0.61,4.36324E-10
-0.6,4.36477E-10
-0.59,4.36103E-10
-0.58,4.3637E-10
-0.57,4.3631E-10
-0.56,4.36056E-10
-0.55,4.36421E-10
-0.54,4.36196E-10
-0.53,4.36394E-10
-0.52,4.36453E-10
-0.51,4.36162E-10
-0.5,4.36591E-10
-0.49,4.36402E-10
-0.48,4.36452E-10
-0.47,4.36524E-10
-0.46,4.3643E-10
-0.45,4.36596E-10
-0.44,4.36304E-10
-0.43,4.36584E-10
-0.42,4.36519E-10
-0.41,4.36368E-10
-0.4,4.36662E-10
-0.39,4.36363E-10
-0.38,4.36682E-10
-0.37,4.36496E-10
-0.36,4.36539E-10
-0.35,4.36703E-10
-0.34,4.36447E-10
-0.33,4.36805E-10
-0.32,4.36451E-10
-0.31,4.36536E-10
-0.3,4.36814E-10
-0.29,4.36443E-10
-0.28,4.36691E-10
-0.27,4.36392E-10
-0.26,4.36533E-10
-0.25,4.36708E-10
-0.24,4.36534E-10
-0.23,4.36709E-10
-0.22,4.36569E-10
-0.21,4.36458E-10
-0.2,4.3685E-10
-0.19,4.36364E-10
-0.18,4.36799E-10
-0.17,4.36657E-10
-0.16,4.36582E-10
-0.15,4.36764E-10
-0.14,4.36404E-10
-0.13,4.36743E-10
-0.12,4.36789E-10
-0.11,4.36595E-10
-0.1,4.36938E-10
-0.09,4.36522E-10
-0.08,4.36861E-10
-0.07,4.36545E-10
-0.06,4.36729E-10
-0.05,4.36779E-10
-0.04,4.36701E-10
-0.03,4.36928E-10
-0.02,4.36611E-10
-0.01,4.36763E-10
0,4.36887E-10
0.01,4.36545E-10
0.02,4.36809E-10
0.03,4.36776E-10
0.04,4.36818E-10
0.05,4.3699E-10
0.06,4.36727E-10
0.07,4.36986E-10
0.08,4.36831E-10
0.09,4.36688E-10
0.1,4.36937E-10
0.11,4.36717E-10
0.12,4.36963E-10
0.13,4.36634E-10
0.14,4.36872E-10
0.15,4.36687E-10
0.16,4.36681E-10
0.17,4.3708E-10
0.18,4.36825E-10
0.19,4.37212E-10
0.2,4.36943E-10
0.21,4.36753E-10
0.22,4.37108E-10
0.23,4.36927E-10
0.24,4.36893E-10
0.25,4.36987E-10
0.26,4.36679E-10
0.27,4.3701E-10
0.28,4.36728E-10
0.29,4.36791E-10
0.3,4.3703E-10
0.31,4.36677E-10
0.32,4.37217E-10
0.33,4.36912E-10
0.34,4.36787E-10
0.35,4.37087E-10
0.36,4.36702E-10
0.37,4.3714E-10
0.38,4.36822E-10
0.39,4.37018E-10
0.4,4.37119E-10
0.41,4.37E-10
0.42,4.37127E-10
0.43,4.36954E-10
0.44,4.37151E-10
0.45,4.37066E-10
0.46,4.36833E-10
0.47,4.37223E-10
0.48,4.36633E-10
0.49,4.3706E-10
0.5,4.36957E-10
0.51,4.36901E-10
0.52,4.37097E-10
0.53,4.36813E-10
0.54,4.37165E-10
0.55,4.37171E-10
0.56,4.36839E-10
0.57,4.37111E-10
0.58,4.36897E-10
0.59,4.37065E-10
0.6,4.37008E-10
0.61,4.36997E-10
0.62,4.3714E-10
0.63,4.3707E-10
0.64,4.37201E-10
0.65,4.37058E-10
0.66,4.37167E-10
0.67,4.37437E-10
0.68,4.3692E-10
0.69,4.37113E-10
0.7,4.36883E-10
0.71,4.37097E-10
0.72,4.37134E-10
0.73,4.36862E-10
0.74,4.37094E-10
0.75,4.37114E-10
0.76,4.37095E-10
0.77,4.37072E-10
0.78,4.36991E-10
0.79,4.37147E-10
0.8,4.3727E-10
0.81,4.37305E-10
0.82,4.37139E-10
0.83,4.3706E-10
0.84,4.37303E-10
0.85,4.3703E-10
0.86,4.37181E-10
0.87,4.37268E-10
0.88,4.36805E-10
0.89,4.37285E-10
0.9,4.36955E-10
0.91,4.37163E-10
0.92,4.37298E-10
0.93,4.36878E-10
0.94,4.37274E-10
0.95,4.36921E-10
0.96,4.37159E-10
0.97,4.37187E-10
0.98,4.3704E-10
0.99,4.37314E-10
1,4.36943E-10
1.01,4.37046E-10
1.02,4.37197E-10
1.03,4.36917E-10
1.04,4.37507E-10
1.05,4.37136E-10
1.06,4.3714E-10
1.07,4.37224E-10
1.08,4.3695E-10
1.09,4.37296E-10
1.1,4.37184E-10
1.11,4.37016E-10
1.12,4.37501E-10
1.13,4.36954E-10
1.14,4.37475E-10
1.15,4.3718E-10
1.16,4.37157E-10
1.17,4.37236E-10
1.18,4.37058E-10
1.19,4.37226E-10
1.2,4.37165E-10
1.21,4.3736E-10
1.22,4.37305E-10
1.23,4.37129E-10
1.24,4.37257E-10
1.25,4.36918E-10
1.26,4.37232E-10
1.27,4.37175E-10
1.28,4.37016E-10
1.29,4.37454E-10
1.3,4.37205E-10
1.31,4.37328E-10
1.32,4.3742E-10
1.33,4.37169E-10
1.34,4.37331E-10
1.35,4.37179E-10
1.36,4.3722E-10
1.37,4.37316E-10
1.38,4.37252E-10
1.39,4.37458E-10
1.4,4.37143E-10
1.41,4.37211E-10
1.42,4.37435E-10
1.43,4.37084E-10
1.44,4.3753E-10
1.45,4.37058E-10
1.46,4.37184E-10
1.47,4.37142E-10
1.48,4.37281E-10
1.49,4.37477E-10
1.5,4.37153E-10
1.51,4.37369E-10
1.52,4.3721E-10
1.53,4.37057E-10
1.54,4.37587E-10
1.55,4.37079E-10
1.56,4.37368E-10
1.57,4.37388E-10
1.58,4.37295E-10
1.59,4.37251E-10
1.6,4.37094E-10
1.61,4.37119E-10
1.62,4.37382E-10
1.63,4.37231E-10
1.64,4.37545E-10
1.65,4.37103E-10
1.66,4.37336E-10
1.67,4.37293E-10
1.68,4.37357E-10
1.69,4.37458E-10
1.7,4.37153E-10
1.71,4.37453E-10
1.72,4.37142E-10
1.73,4.37453E-10
1.74,4.37319E-10
1.75,4.37391E-10
1.76,4.37477E-10
1.77,4.37278E-10
1.78,4.37341E-10
1.79,4.37325E-10
1.8,4.37334E-10
1.81,4.3744E-10
1.82,4.37206E-10
1.83,4.37482E-10
1.84,4.37152E-10
1.85,4.37193E-10
1.86,4.37251E-10
1.87,4.37061E-10
1.88,4.37361E-10
1.89,4.37285E-10
1.9,4.37291E-10
1.91,4.37376E-10
1.92,4.37278E-10
1.93,4.3743E-10
1.94,4.37303E-10
1.95,4.37411E-10
1.96,4.37342E-10
1.97,4.37083E-10
1.98,4.37489E-10
1.99,4.37107E-10
2,4.37371E-10
2.01,4.37479E-10
2.02,4.37251E-10
2.03,4.3753E-10
2.04,4.3731E-10
2.05,4.37376E-10
2.06,4.3748E-10
2.07,4.37209E-10
2.08,4.3757E-10
2.09,4.37071E-10
2.1,4.37332E-10
2.11,4.37379E-10
2.12,4.37287E-10
2.13,4.3738E-10
2.14,4.37342E-10
2.15,4.37432E-10
2.16,4.37351E-10
2.17,4.37402E-10
2.18,4.37598E-10
2.19,4.37265E-10
2.2,4.37437E-10
2.21,4.37295E-10
2.22,4.3727E-10
2.23,4.37413E-10
2.24,4.37258E-10
2.25,4.37469E-10
2.26,4.37153E-10
2.27,4.3728E-10
2.28,4.37658E-10
2.29,4.37219E-10
2.3,4.37599E-10
2.31,4.3743E-10
2.32,4.37126E-10
2.33,4.37799E-10
2.34,4.37257E-10
2.35,4.3738E-10
2.36,4.37351E-10
2.37,4.37227E-10
2.38,4.37505E-10
2.39,4.37023E-10
2.4,4.37562E-10
2.41,4.37472E-10
2.42,4.37461E-10
2.43,4.37401E-10
2.44,4.37376E-10
2.45,4.37519E-10
2.46,4.3726E-10
2.47,4.37377E-10
2.48,4.37754E-10
2.49,4.37293E-10
2.5,4.37502E-10
2.5,4.37176E-10
2.49,4.37267E-10
2.48,4.37459E-10
2.47,4.37304E-10
2.46,4.37529E-10
2.45,4.37301E-10
2.44,4.37404E-10
2.43,4.37587E-10
2.42,4.37316E-10
2.41,4.37508E-10
2.4,4.37297E-10
2.39,4.37297E-10
2.38,4.37531E-10
2.37,4.37251E-10
2.36,4.37498E-10
2.35,4.37395E-10
2.34,4.3728E-10
2.33,4.37465E-10
2.32,4.37368E-10
2.31,4.374E-10
2.3,4.37435E-10
2.29,4.37538E-10
2.28,4.37457E-10
2.27,4.372E-10
2.26,4.37589E-10
2.25,4.37373E-10
2.24,4.37387E-10
2.23,4.37455E-10
2.22,4.37217E-10
2.21,4.37538E-10
2.2,4.37386E-10
2.19,4.3753E-10
2.18,4.3737E-10
2.17,4.37493E-10
2.16,4.37551E-10
2.15,4.37188E-10
2.14,4.37329E-10
2.13,4.37385E-10
2.12,4.37417E-10
2.11,4.37542E-10
2.1,4.3717E-10
2.09,4.37518E-10
2.08,4.37375E-10
2.07,4.37369E-10
2.06,4.37506E-10
2.05,4.37429E-10
2.04,4.37453E-10
2.03,4.37387E-10
2.02,4.37357E-10
2.01,4.37527E-10
2,4.37211E-10
1.99,4.37608E-10
1.98,4.37339E-10
1.97,4.374E-10
1.96,4.37559E-10
1.95,4.37127E-10
1.94,4.37478E-10
1.93,4.37294E-10
1.92,4.37345E-10
1.91,4.37681E-10
1.9,4.37227E-10
1.89,4.37453E-10
1.88,4.3709E-10
1.87,4.37364E-10
1.86,4.37493E-10
1.85,4.37264E-10
1.84,4.37592E-10
1.83,4.37306E-10
1.82,4.37613E-10
1.81,4.37376E-10
1.8,4.37244E-10
1.79,4.37534E-10
1.78,4.37013E-10
1.77,4.37315E-10
1.76,4.3752E-10
1.75,4.37298E-10
1.74,4.3752E-10
1.73,4.37353E-10
1.72,4.37524E-10
1.71,4.37458E-10
1.7,4.37218E-10
1.69,4.37649E-10
1.68,4.37386E-10
1.67,4.37428E-10
1.66,4.37342E-10
1.65,4.37321E-10
1.64,4.37575E-10
1.63,4.37241E-10
1.62,4.37474E-10
1.61,4.37447E-10
1.6,4.37452E-10
1.59,4.37514E-10
1.58,4.37351E-10
1.57,4.37554E-10
1.56,4.37528E-10
1.55,4.37281E-10
1.54,4.37605E-10
1.53,4.3722E-10
1.52,4.37495E-10
1.51,4.3742E-10
1.5,4.3741E-10
1.49,4.37676E-10
1.48,4.3738E-10
1.47,4.37462E-10
1.46,4.37399E-10
1.45,4.37391E-10
1.44,4.3741E-10
1.43,4.37178E-10
1.42,4.37613E-10
1.41,4.37465E-10
1.4,4.37616E-10
1.39,4.37524E-10
1.38,4.37178E-10
1.37,4.37533E-10
1.36,4.37216E-10
1.35,4.37533E-10
1.34,4.378E-10
1.33,4.3717E-10
1.32,4.37636E-10
1.31,4.37332E-10
1.3,4.37338E-10
1.29,4.37357E-10
1.28,4.37311E-10
1.27,4.37561E-10
1.26,4.374E-10
1.25,4.37472E-10
1.24,4.37463E-10
1.23,4.3729E-10
1.22,4.37542E-10
1.21,4.37424E-10
1.2,4.37545E-10
1.19,4.37382E-10
1.18,4.37356E-10
1.17,4.37495E-10
1.16,4.37169E-10
1.15,4.37482E-10
1.14,4.37292E-10
1.13,4.37344E-10
1.12,4.37413E-10
1.11,4.37198E-10
1.1,4.37544E-10
1.09,4.37394E-10
1.08,4.37464E-10
1.07,4.3758E-10
1.06,4.3728E-10
1.05,4.37551E-10
1.04,4.37094E-10
1.03,4.37451E-10
1.02,4.37582E-10
1.01,4.37235E-10
1,4.37357E-10
0.99,4.37416E-10
0.98,4.37558E-10
0.97,4.37503E-10
0.96,4.36943E-10
0.95,4.37573E-10
0.94,4.37346E-10
0.93,4.37393E-10
0.92,4.37461E-10
0.91,4.37292E-10
0.9,4.37525E-10
0.89,4.37431E-10
0.88,4.37269E-10
0.87,4.37727E-10
0.86,4.37269E-10
0.85,4.37688E-10
0.84,4.37363E-10
0.83,4.37384E-10
0.82,4.37608E-10
0.81,4.37199E-10
0.8,4.37466E-10
0.79,4.37361E-10
0.78,4.37537E-10
0.77,4.37499E-10
0.76,4.37292E-10
0.75,4.3754E-10
0.74,4.37264E-10
0.73,4.37426E-10
0.72,4.37561E-10
0.71,4.37506E-10
0.7,4.37592E-10
0.69,4.3723E-10
0.68,4.37283E-10
0.67,4.37404E-10
0.66,4.37262E-10
0.65,4.3757E-10
0.64,4.37345E-10
0.63,4.37514E-10
0.62,4.375E-10
0.61,4.37243E-10
0.6,4.37652E-10
0.59,4.37362E-10
0.58,4.37568E-10
0.57,4.37463E-10
0.56,4.37379E-10
0.55,4.37529E-10
0.54,4.37341E-10
0.53,4.37351E-10
0.52,4.37338E-10
0.51,4.37224E-10
0.5,4.37498E-10
0.49,4.37207E-10
0.48,4.37632E-10
0.47,4.37359E-10
0.46,4.37365E-10
0.45,4.37554E-10
0.44,4.37357E-10
0.43,4.3751E-10
0.42,4.37561E-10
0.41,4.37398E-10
0.4,4.37662E-10
0.39,4.37003E-10
0.38,4.37414E-10
0.37,4.37468E-10
0.36,4.3728E-10
0.35,4.37666E-10
0.34,4.37148E-10
0.33,4.37476E-10
0.32,4.37453E-10
0.31,4.37169E-10
0.3,4.37648E-10
0.29,4.37388E-10
0.28,4.37672E-10
0.27,4.37606E-10
0.26,4.37401E-10
0.25,4.37528E-10
0.24,4.3727E-10
0.23,4.37488E-10
0.22,4.37179E-10
0.21,4.37371E-10
0.2,4.37493E-10
0.19,4.37412E-10
0.18,4.37501E-10
0.17,4.37406E-10
0.16,4.37332E-10
0.15,4.37593E-10
0.14,4.37194E-10
0.13,4.37512E-10
0.12,4.37405E-10
0.11,4.37539E-10
0.1,4.37419E-10
0.09,4.37128E-10
0.08,4.37489E-10
0.07,4.37371E-10
0.06,4.37318E-10
0.05,4.37572E-10
0.04,4.37309E-10
0.03,4.37811E-10
0.02,4.37293E-10
0.01,4.37368E-10
0,4.37413E-10
-0.01,4.37404E-10
-0.02,4.37407E-10
-0.03,4.37313E-10
-0.04,4.37702E-10
-0.05,4.37428E-10
-0.06,4.37266E-10
-0.07,4.37476E-10
-0.08,4.37188E-10
-0.09,4.37731E-10
-0.1,4.37256E-10
-0.11,4.37455E-10
-0.12,4.37701E-10
-0.13,4.37284E-10
-0.14,4.37425E-10
-0.15,4.37506E-10
-0.16,4.37327E-10
-0.17,4.37409E-10
-0.18,4.37126E-10
-0.19,4.37595E-10
-0.2,4.37371E-10
-0.21,4.37373E-10
-0.22,4.37591E-10
-0.23,4.37032E-10
-0.24,4.37549E-10
-0.25,4.37312E-10
-0.26,4.37366E-10
-0.27,4.37378E-10
-0.28,4.37005E-10
-0.29,4.37392E-10
-0.3,4.37167E-10
-0.31,4.37494E-10
-0.32,4.37378E-10
-0.33,4.37236E-10
-0.34,4.37378E-10
-0.35,4.37164E-10
-0.36,4.3725E-10
-0.37,4.37276E-10
-0.38,4.36952E-10
-0.39,4.37231E-10
-0.4,4.36809E-10
-0.41,4.37321E-10
-0.42,4.37353E-10
-0.43,4.37038E-10
-0.44,4.37373E-10
-0.45,4.37018E-10
-0.46,4.37134E-10
-0.47,4.37253E-10
-0.48,4.36905E-10
-0.49,4.37217E-10
-0.5,4.37052E-10
-0.51,4.37064E-10
-0.52,4.36826E-10
-0.53,4.36846E-10
-0.54,4.37262E-10
-0.55,4.36762E-10
-0.56,4.36945E-10
-0.57,4.36963E-10
-0.58,4.36637E-10
-0.59,4.36835E-10
-0.6,4.36621E-10
-0.61,4.36817E-10
-0.62,4.36617E-10
-0.63,4.36687E-10
-0.64,4.36795E-10
-0.65,4.36366E-10
-0.66,4.36896E-10
-0.67,4.36611E-10
-0.68,4.36553E-10
-0.69,4.36646E-10
-0.7,4.36333E-10
-0.71,4.3657E-10
-0.72,4.36417E-10
-0.73,4.36362E-10
-0.74,4.36485E-10
-0.75,4.36209E-10
-0.76,4.36717E-10
-0.77,4.36382E-10
-0.78,4.36519E-10
-0.79,4.36266E-10
-0.8,4.36193E-10
-0.81,4.36519E-10
-0.82,4.36118E-10
-0.83,4.36265E-10
-0.84,4.36177E-10
-0.85,4.36172E-10
-0.86,4.36324E-10
-0.87,4.35975E-10
-0.88,4.36239E-10
-0.89,4.36057E-10
-0.9,4.35981E-10
-0.91,4.36245E-10
-0.92,4.35905E-10
-0.93,4.35875E-10
-0.94,4.35932E-10
-0.95,4.35819E-10
-0.96,4.36123E-10
-0.97,4.3563E-10
-0.98,4.35828E-10
-0.99,4.35854E-10
-1,4.35642E-10
-1.01,4.35912E-10
-1.02,4.35533E-10
-1.03,4.35795E-10
-1.04,4.35698E-10
-1.05,4.3552E-10
-1.06,4.35721E-10
-1.07,4.35548E-10
-1.08,4.3561E-10
-1.09,4.35356E-10
-1.1,4.35263E-10
-1.11,4.35606E-10
-1.12,4.35144E-10
-1.13,4.35299E-10
-1.14,4.35444E-10
-1.15,4.35058E-10
-1.16,4.35362E-10
-1.17,4.34946E-10
-1.18,4.35028E-10
-1.19,4.3516E-10
-1.2,4.34979E-10
-1.21,4.35193E-10
-1.22,4.34993E-10
-1.23,4.34957E-10
-1.24,4.35027E-10
-1.25,4.3482E-10
-1.26,4.3513E-10
-1.27,4.34554E-10
-1.28,4.34801E-10
-1.29,4.34503E-10
-1.3,4.3471E-10
-1.31,4.34724E-10
-1.32,4.34275E-10
-1.33,4.34633E-10
-1.34,4.34343E-10
-1.35,4.34447E-10
-1.36,4.34563E-10
-1.37,4.34193E-10
-1.38,4.34408E-10
-1.39,4.34013E-10
-1.4,4.34272E-10
-1.41,4.34123E-10
-1.42,4.33872E-10
-1.43,4.34368E-10
-1.44,4.33957E-10
-1.45,4.33807E-10
-1.46,4.33963E-10
-1.47,4.33708E-10
-1.48,4.3391E-10
-1.49,4.33408E-10
-1.5,4.33803E-10
-1.51,4.33366E-10
-1.52,4.33437E-10
-1.53,4.3358E-10
-1.54,4.33196E-10
-1.55,4.33454E-10
-1.56,4.33153E-10
-1.57,4.33113E-10
-1.58,4.33081E-10
-1.59,4.32793E-10
-1.6,4.33164E-10
-1.61,4.32819E-10
-1.62,4.32792E-10
-1.63,4.32698E-10
-1.64,4.32477E-10
-1.65,4.32666E-10
-1.66,4.32323E-10
-1.67,4.32387E-10
-1.68,4.32176E-10
-1.69,4.32026E-10
-1.7,4.32137E-10
-1.71,4.31884E-10
-1.72,4.32045E-10
-1.73,4.31963E-10
-1.74,4.31669E-10
-1.75,4.31868E-10
-1.76,4.31443E-10
-1.77,4.31531E-10
-1.78,4.31398E-10
-1.79,4.31192E-10
-1.8,4.31233E-10
-1.81,4.30845E-10
-1.82,4.31097E-10
-1.83,4.30816E-10
-1.84,4.30522E-10
-1.85,4.3076E-10
-1.86,4.30427E-10
-1.87,4.30515E-10
-1.88,4.3007E-10
-1.89,4.30048E-10
-1.9,4.30199E-10
-1.91,4.29605E-10
-1.92,4.29829E-10
-1.93,4.29414E-10
-1.94,4.29516E-10
-1.95,4.29241E-10
-1.96,4.29038E-10
-1.97,4.29219E-10
-1.98,4.28817E-10
-1.99,4.28669E-10
-2,4.286E-10
-2.01,4.28135E-10
-2.02,4.28296E-10
-2.03,4.2795E-10
-2.04,4.27897E-10
-2.05,4.27766E-10
-2.06,4.27629E-10
-2.07,4.27575E-10
-2.08,4.26844E-10
-2.09,4.26941E-10
-2.1,4.26933E-10
-2.11,4.2643E-10
-2.12,4.26605E-10
-2.13,4.26186E-10
-2.14,4.26099E-10
-2.15,4.25909E-10
-2.16,4.25376E-10
-2.17,4.25477E-10
-2.18,4.24923E-10
-2.19,4.24894E-10
-2.2,4.24738E-10
-2.21,4.24175E-10
-2.22,4.24461E-10
-2.23,4.23828E-10
-2.24,4.23907E-10
-2.25,4.23442E-10
-2.26,4.23125E-10
-2.27,4.23042E-10
-2.28,4.22689E-10
-2.29,4.22596E-10
-2.3,4.22021E-10
-2.31,4.2183E-10
-2.32,4.21862E-10
-2.33,4.21273E-10
-2.34,4.2098E-10
-2.35,4.20709E-10
-2.36,4.2045E-10
-2.37,4.20229E-10
-2.38,4.19727E-10
-2.39,4.1945E-10
-2.4,4.19135E-10
-2.41,4.18717E-10
-2.42,4.18556E-10
-2.43,4.17981E-10
-2.44,4.1788E-10
-2.45,4.17481E-10
-2.46,4.17071E-10
-2.47,4.16972E-10
-2.48,4.16274E-10
-2.49,4.16092E-10
-2.5,4.15561E-10
-2.51,4.15316E-10
-2.52,4.14934E-10
-2.53,4.14441E-10
-2.54,4.14335E-10
-2.55,4.13853E-10
-2.56,4.1348E-10
-2.57,4.13023E-10
-2.58,4.12648E-10
-2.59,4.12365E-10
-2.6,4.11943E-10
-2.61,4.11585E-10
-2.62,4.1101E-10
-2.63,4.10554E-10
-2.64,4.10206E-10
-2.65,4.09662E-10
-2.66,4.09268E-10
-2.67,4.09012E-10
-2.68,4.08318E-10
-2.69,4.08088E-10
-2.7,4.07486E-10
-2.71,4.07253E-10
-2.72,4.06791E-10
-2.73,4.06255E-10
-2.74,4.05787E-10
-2.75,4.05352E-10
-2.76,4.04923E-10
-2.77,4.04511E-10
-2.78,4.03991E-10
-2.79,4.03639E-10
-2.8,4.02958E-10
-2.81,4.02615E-10
-2.82,4.02244E-10
-2.83,4.017E-10
-2.84,4.01243E-10
-2.85,4.00845E-10
-2.86,4.00153E-10
-2.87,3.99848E-10
-2.88,3.99327E-10
-2.89,3.98922E-10
-2.9,3.98144E-10
-2.91,3.98051E-10
-2.92,3.97275E-10
-2.93,3.97058E-10
-2.94,3.96634E-10
-2.95,3.95813E-10
-2.96,3.9558E-10
-2.97,3.94988E-10
-2.98,3.94551E-10
-2.99,3.94416E-10
-3,3.93695E-10
-3.01,3.93434E-10
-3.02,3.92736E-10
-3.03,3.9239E-10
-3.04,3.92035E-10
-3.05,3.91584E-10
-3.06,3.9119E-10
-3.07,3.90561E-10
-3.08,3.90164E-10
-3.09,3.89572E-10
-3.1,3.89185E-10
-3.11,3.88862E-10
-3.12,3.88143E-10
-3.13,3.87921E-10
-3.14,3.873E-10
-3.15,3.86969E-10
-3.16,3.86499E-10
-3.17,3.86146E-10
-3.18,3.85747E-10
-3.19,3.85321E-10
-3.2,3.84798E-10
-3.21,3.84558E-10
-3.22,3.83883E-10
-3.23,3.8367E-10
-3.24,3.83286E-10
-3.25,3.83008E-10
-3.26,3.82743E-10
-3.27,3.8202E-10
-3.28,3.81709E-10
-3.29,3.8127E-10
-3.3,3.80627E-10
-3.31,3.80507E-10
-3.32,3.80083E-10
-3.33,3.79705E-10
-3.34,3.79388E-10
-3.35,3.78934E-10
-3.36,3.78545E-10
-3.37,3.78197E-10
-3.38,3.77986E-10
-3.39,3.77377E-10
-3.4,3.76884E-10
-3.41,3.76953E-10
-3.42,3.75909E-10
-3.43,3.7609E-10
-3.44,3.7575E-10
-3.45,3.75381E-10
-3.46,3.75195E-10
-3.47,3.74522E-10
-3.48,3.74248E-10
-3.49,3.74007E-10
-3.5,3.73772E-10
-3.51,3.73577E-10
-3.52,3.72945E-10
-3.53,3.72852E-10
-3.54,3.72298E-10
-3.55,3.71967E-10
-3.56,3.71747E-10
-3.57,3.71319E-10
-3.58,3.71088E-10
-3.59,3.70908E-10
-3.6,3.70508E-10
-3.61,3.70306E-10
-3.62,3.69959E-10
-3.63,3.69783E-10
-3.64,3.69427E-10
-3.65,3.69195E-10
-3.66,3.68894E-10
-3.67,3.68606E-10
-3.68,3.68508E-10
-3.69,3.68038E-10
-3.7,3.67887E-10
-3.71,3.67742E-10
-3.72,3.67204E-10
-3.73,3.67198E-10
-3.74,3.66852E-10
-3.75,3.66663E-10
-3.76,3.66548E-10
-3.77,3.65991E-10
-3.78,3.65939E-10
-3.79,3.65577E-10
-3.8,3.65513E-10
-3.81,3.65273E-10
-3.82,3.64954E-10
-3.83,3.64871E-10
-3.84,3.64347E-10
-3.85,3.64362E-10
-3.86,3.64061E-10
-3.87,3.63898E-10
-3.88,3.63644E-10
-3.89,3.63437E-10
-3.9,3.6331E-10
-3.91,3.63084E-10
-3.92,3.62714E-10
-3.93,3.62793E-10
-3.94,3.62477E-10
-3.95,3.62177E-10
-3.96,3.6207E-10
-3.97,3.6159E-10
-3.98,3.6184E-10
-3.99,3.61408E-10
-4,3.61359E-10
-4.01,3.61048E-10
-4.02,3.6089E-10
-4.03,3.60748E-10
-4.04,3.60186E-10
-4.05,3.60342E-10
-4.06,3.59948E-10
-4.07,3.59665E-10
-4.08,3.59721E-10
-4.09,3.59418E-10
-4.1,3.5906E-10
-4.11,3.5916E-10
-4.12,3.58772E-10
-4.13,3.58481E-10
-4.14,3.58155E-10
-4.15,3.58228E-10
-4.16,3.57971E-10
-4.17,3.57726E-10
-4.18,3.57662E-10
-4.19,3.57254E-10
-4.2,3.57203E-10
-4.21,3.56741E-10
-4.22,3.56645E-10
-4.23,3.56536E-10
-4.24,3.56449E-10
-4.25,3.5612E-10
-4.26,3.55662E-10
-4.27,3.55625E-10
-4.28,3.55123E-10
-4.29,3.54974E-10
-4.3,3.54994E-10
-4.31,3.54473E-10
-4.32,3.54491E-10
-4.33,3.54189E-10
-4.34,3.54014E-10
-4.35,3.53829E-10
-4.36,3.53478E-10
-4.37,3.53405E-10
-4.38,3.53043E-10
-4.39,3.53011E-10
-4.4,3.52556E-10
-4.41,3.52335E-10
-4.42,3.52555E-10
-4.43,3.52122E-10
-4.44,3.52065E-10
-4.45,3.51769E-10
-4.46,3.51313E-10
-4.47,3.51467E-10
-4.48,3.51022E-10
-4.49,3.50664E-10
-4.5,3.5066E-10
-4.51,3.50464E-10
-4.52,3.50337E-10
-4.53,3.50207E-10
-4.54,3.49786E-10
-4.55,3.49764E-10
-4.56,3.49358E-10
-4.57,3.4911E-10
-4.58,3.4914E-10
-4.59,3.49011E-10
-4.6,3.48749E-10
-4.61,3.48554E-10
-4.62,3.4842E-10
-4.63,3.48186E-10
-4.64,3.4801E-10
-4.65,3.47765E-10
-4.66,3.47613E-10
-4.67,3.47477E-10
-4.68,3.47055E-10
-4.69,3.4718E-10
-4.7,3.47036E-10
-4.71,3.46799E-10
-4.72,3.46699E-10
-4.73,3.46393E-10
-4.74,3.46307E-10
-4.75,3.46155E-10
-4.76,3.4568E-10
-4.77,3.45592E-10
-4.78,3.45442E-10
-4.79,3.45417E-10
-4.8,3.45298E-10
-4.81,3.4489E-10
-4.82,3.44893E-10
-4.83,3.44563E-10
-4.84,3.44502E-10
-4.85,3.44185E-10
-4.86,3.44151E-10
-4.87,3.43904E-10
-4.88,3.43494E-10
-4.89,3.43635E-10
-4.9,3.43344E-10
-4.91,3.43233E-10
-4.92,3.43189E-10
-4.93,3.42853E-10
-4.94,3.42735E-10
-4.95,3.426E-10
-4.96,3.42443E-10
-4.97,3.42361E-10
-4.98,3.41998E-10
-4.99,3.41969E-10
-5,3.41647E-10
-5.01,3.41524E-10
-5.02,3.41402E-10
-5.03,3.41208E-10
-5.04,3.411E-10
-5.05,3.40837E-10
-5.06,3.40802E-10
-5.07,3.40647E-10
-5.08,3.40159E-10
-5.09,3.40261E-10
-5.1,3.40146E-10
-5.11,3.3995E-10
-5.12,3.39898E-10
-5.13,3.39513E-10
-5.14,3.39469E-10
-5.15,3.39058E-10
-5.16,3.39063E-10
-5.17,3.39007E-10
-5.18,3.38824E-10
-5.19,3.3874E-10
-5.2,3.38359E-10
-5.21,3.3833E-10
-5.22,3.37955E-10
-5.23,3.37992E-10
-5.24,3.37887E-10
-5.25,3.37761E-10
-5.26,3.37469E-10
-5.27,3.37309E-10
-5.28,3.37194E-10
-5.29,3.37133E-10
-5.3,3.36733E-10
-5.31,3.369E-10
-5.32,3.36539E-10
-5.33,3.3625E-10
-5.34,3.36307E-10
-5.35,3.35984E-10
-5.36,3.35896E-10
-5.37,3.35518E-10
-5.38,3.35457E-10
-5.39,3.35371E-10
-5.4,3.35209E-10
-5.41,3.35098E-10
-5.42,3.34816E-10
-5.43,3.34567E-10
-5.44,3.34462E-10
-5.45,3.34224E-10
-5.46,3.34147E-10
-5.47,3.34063E-10
-5.48,3.33982E-10
-5.49,3.3359E-10
-5.5,3.33368E-10
-5.51,3.33458E-10
-5.52,3.33188E-10
-5.53,3.32975E-10
-5.54,3.32955E-10
-5.55,3.32554E-10
-5.56,3.32628E-10
-5.57,3.32316E-10
-5.58,3.32209E-10
-5.59,3.31977E-10
-5.6,3.31818E-10
-5.61,3.3154E-10
-5.62,3.31326E-10
-5.63,3.31259E-10
-5.64,3.30946E-10
-5.65,3.30715E-10
-5.66,3.30903E-10
-5.67,3.30555E-10
-5.68,3.30377E-10
-5.69,3.30228E-10
-5.7,3.29923E-10
-5.71,3.29726E-10
-5.72,3.29702E-10
-5.73,3.29392E-10
-5.74,3.29357E-10
-5.75,3.29176E-10
-5.76,3.28972E-10
-5.77,3.28802E-10
-5.78,3.28566E-10
-5.79,3.28542E-10
-5.8,3.28161E-10
-5.81,3.28154E-10
-5.82,3.27663E-10
-5.83,3.2752E-10
-5.84,3.27646E-10
-5.85,3.27204E-10
-5.86,3.27255E-10
-5.87,3.26819E-10
-5.88,3.26828E-10
-5.89,3.26641E-10
-5.9,3.26053E-10
-5.91,3.26199E-10
-5.92,3.26091E-10
-5.93,3.25814E-10
-5.94,3.25843E-10
-5.95,3.25371E-10
-5.96,3.25281E-10
-5.97,3.25054E-10
-5.98,3.25061E-10
-5.99,3.24843E-10
-6,3.24376E-10
-6,3.34104E-10
-5.99,3.34645E-10
-5.98,3.34596E-10
-5.97,3.34892E-10
-5.96,3.35032E-10
-5.95,3.35399E-10
-5.94,3.35356E-10
-5.93,3.35789E-10
-5.92,3.3583E-10
-5.91,3.36155E-10
-5.9,3.36304E-10
-5.89,3.36645E-10
-5.88,3.36566E-10
-5.87,3.36871E-10
-5.86,3.36982E-10
-5.85,3.37186E-10
-5.84,3.37361E-10
-5.83,3.37555E-10
-5.82,3.37824E-10
-5.81,3.38135E-10
-5.8,3.38203E-10
-5.79,3.38329E-10
-5.78,3.3843E-10
-5.77,3.38713E-10
-5.76,3.38926E-10
-5.75,3.39039E-10
-5.74,3.39298E-10
-5.73,3.39469E-10
-5.72,3.39659E-10
-5.71,3.39859E-10
-5.7,3.40087E-10
-5.69,3.40144E-10
-5.68,3.4048E-10
-5.67,3.40542E-10
-5.66,3.40823E-10
-5.65,3.40882E-10
-5.64,3.41234E-10
-5.63,3.41195E-10
-5.62,3.41358E-10
-5.61,3.41593E-10
-5.6,3.41905E-10
-5.59,3.41889E-10
-5.58,3.42216E-10
-5.57,3.42295E-10
-5.56,3.42531E-10
-5.55,3.42667E-10
-5.54,3.43032E-10
-5.53,3.4301E-10
-5.52,3.43368E-10
-5.51,3.43381E-10
-5.5,3.43765E-10
-5.49,3.43655E-10
-5.48,3.44143E-10
-5.47,3.44053E-10
-5.46,3.44356E-10
-5.45,3.44357E-10
-5.44,3.44662E-10
-5.43,3.44778E-10
-5.42,3.45057E-10
-5.41,3.45102E-10
-5.4,3.45434E-10
-5.39,3.45387E-10
-5.38,3.45764E-10
-5.37,3.45746E-10
-5.36,3.4618E-10
-5.35,3.46182E-10
-5.34,3.46463E-10
-5.33,3.46497E-10
-5.32,3.46834E-10
-5.31,3.46981E-10
-5.3,3.47309E-10
-5.29,3.47176E-10
-5.28,3.4755E-10
-5.27,3.47587E-10
-5.26,3.47811E-10
-5.25,3.4811E-10
-5.24,3.48108E-10
-5.23,3.48474E-10
-5.22,3.48512E-10
-5.21,3.48786E-10
-5.2,3.48852E-10
-5.19,3.49013E-10
-5.18,3.49133E-10
-5.17,3.49415E-10
-5.16,3.49495E-10
-5.15,3.49876E-10
-5.14,3.49871E-10
-5.13,3.50178E-10
-5.12,3.50239E-10
-5.11,3.50512E-10
-5.1,3.50544E-10
-5.09,3.50874E-10
-5.08,3.5085E-10
-5.07,3.51341E-10
-5.06,3.5139E-10
-5.05,3.51585E-10
-5.04,3.5166E-10
-5.03,3.52111E-10
-5.02,3.52085E-10
-5.01,3.52464E-10
-5,3.52343E-10
-4.99,3.5277E-10
-4.98,3.52748E-10
-4.97,3.53178E-10
-4.96,3.5316E-10
-4.95,3.53499E-10
-4.94,3.53385E-10
-4.93,3.53911E-10
-4.92,3.53887E-10
-4.91,3.54286E-10
-4.9,3.54222E-10
-4.89,3.54657E-10
-4.88,3.54789E-10
-4.87,3.55098E-10
-4.86,3.55148E-10
-4.85,3.55343E-10
-4.84,3.55456E-10
-4.83,3.55807E-10
-4.82,3.5586E-10
-4.81,3.56109E-10
-4.8,3.56308E-10
-4.79,3.56542E-10
-4.78,3.56721E-10
-4.77,3.56881E-10
-4.76,3.571E-10
-4.75,3.57219E-10
-4.74,3.57399E-10
-4.73,3.57604E-10
-4.72,3.57888E-10
-4.71,3.58067E-10
-4.7,3.58385E-10
-4.69,3.58573E-10
-4.68,3.5881E-10
-4.67,3.58919E-10
-4.66,3.59121E-10
-4.65,3.59318E-10
-4.64,3.59777E-10
-4.63,3.59804E-10
-4.62,3.60218E-10
-4.61,3.60133E-10
-4.6,3.60586E-10
-4.59,3.60609E-10
-4.58,3.6102E-10
-4.57,3.61009E-10
-4.56,3.6145E-10
-4.55,3.61479E-10
-4.54,3.61921E-10
-4.53,3.61883E-10
-4.52,3.62238E-10
-4.51,3.62376E-10
-4.5,3.62826E-10
-4.49,3.62757E-10
-4.48,3.63204E-10
-4.47,3.63247E-10
-4.46,3.63716E-10
-4.45,3.63663E-10
-4.44,3.64009E-10
-4.43,3.64078E-10
-4.42,3.64396E-10
-4.41,3.64455E-10
-4.4,3.64862E-10
-4.39,3.64846E-10
-4.38,3.65084E-10
-4.37,3.65215E-10
-4.36,3.65398E-10
-4.35,3.65503E-10
-4.34,3.65686E-10
-4.33,3.65825E-10
-4.32,3.66083E-10
-4.31,3.66198E-10
-4.3,3.66441E-10
-4.29,3.6655E-10
-4.28,3.66555E-10
-4.27,3.66871E-10
-4.26,3.67042E-10
-4.25,3.67262E-10
-4.24,3.67237E-10
-4.23,3.67457E-10
-4.22,3.67668E-10
-4.21,3.67921E-10
-4.2,3.67936E-10
-4.19,3.68231E-10
-4.18,3.68209E-10
-4.17,3.68542E-10
-4.16,3.68539E-10
-4.15,3.68903E-10
-4.14,3.68771E-10
-4.13,3.69285E-10
-4.12,3.69293E-10
-4.11,3.69519E-10
-4.1,3.69504E-10
-4.09,3.69911E-10
-4.08,3.69887E-10
-4.07,3.70211E-10
-4.06,3.70272E-10
-4.05,3.70658E-10
-4.04,3.70655E-10
-4.03,3.70939E-10
-4.02,3.71025E-10
-4.01,3.71439E-10
-4,3.71449E-10
-3.99,3.71826E-10
-3.98,3.718E-10
-3.97,3.72126E-10
-3.96,3.72149E-10
-3.95,3.72386E-10
-3.94,3.7248E-10
-3.93,3.72976E-10
-3.92,3.7302E-10
-3.91,3.73409E-10
-3.9,3.73491E-10
-3.89,3.73811E-10
-3.88,3.73942E-10
-3.87,3.74156E-10
-3.86,3.74411E-10
-3.85,3.74644E-10
-3.84,3.74927E-10
-3.83,3.75191E-10
-3.82,3.75356E-10
-3.81,3.75553E-10
-3.8,3.75969E-10
-3.79,3.76081E-10
-3.78,3.76303E-10
-3.77,3.76473E-10
-3.76,3.76885E-10
-3.75,3.7711E-10
-3.74,3.77476E-10
-3.73,3.77588E-10
-3.72,3.78126E-10
-3.71,3.78221E-10
-3.7,3.78578E-10
-3.69,3.78674E-10
-3.68,3.79219E-10
-3.67,3.79333E-10
-3.66,3.79751E-10
-3.65,3.79934E-10
-3.64,3.8029E-10
-3.63,3.80532E-10
-3.62,3.81098E-10
-3.61,3.81139E-10
-3.6,3.81653E-10
-3.59,3.81763E-10
-3.58,3.82342E-10
-3.57,3.82576E-10
-3.56,3.82981E-10
-3.55,3.83065E-10
-3.54,3.83601E-10
-3.53,3.83747E-10
-3.52,3.84275E-10
-3.51,3.84433E-10
-3.5,3.8499E-10
-3.49,3.85141E-10
-3.48,3.85662E-10
-3.47,3.85859E-10
-3.46,3.86426E-10
-3.45,3.86429E-10
-3.44,3.86986E-10
-3.43,3.87169E-10
-3.42,3.87868E-10
-3.41,3.88091E-10
-3.4,3.88539E-10
-3.39,3.88858E-10
-3.38,3.89325E-10
-3.37,3.8966E-10
-3.36,3.90035E-10
-3.35,3.90446E-10
-3.34,3.9081E-10
-3.33,3.91151E-10
-3.32,3.91526E-10
-3.31,3.92013E-10
-3.3,3.92355E-10
-3.29,3.9275E-10
-3.28,3.93026E-10
-3.27,3.93544E-10
-3.26,3.93916E-10
-3.25,3.94334E-10
-3.24,3.94679E-10
-3.23,3.94977E-10
-3.22,3.95351E-10
-3.21,3.95732E-10
-3.2,3.96008E-10
-3.19,3.96687E-10
-3.18,3.96882E-10
-3.17,3.97431E-10
-3.16,3.97689E-10
-3.15,3.98232E-10
-3.14,3.98582E-10
-3.13,3.9903E-10
-3.12,3.99173E-10
-3.11,3.99883E-10
-3.1,3.99977E-10
-3.09,4.00671E-10
-3.08,4.00825E-10
-3.07,4.01337E-10
-3.06,4.01599E-10
-3.05,4.02319E-10
-3.04,4.02363E-10
-3.03,4.03046E-10
-3.02,4.03206E-10
-3.01,4.03836E-10
-3,4.03958E-10
-2.99,4.04528E-10
-2.98,4.04732E-10
-2.97,4.05314E-10
-2.96,4.05477E-10
-2.95,4.06042E-10
-2.94,4.06321E-10
-2.93,4.06737E-10
-2.92,4.06863E-10
-2.91,4.07391E-10
-2.9,4.07547E-10
-2.89,4.08133E-10
-2.88,4.08346E-10
-2.87,4.08753E-10
-2.86,4.09053E-10
-2.85,4.09335E-10
-2.84,4.09722E-10
-2.83,4.10016E-10
-2.82,4.10439E-10
-2.81,4.1074E-10
-2.8,4.11141E-10
-2.79,4.11566E-10
-2.78,4.11877E-10
-2.77,4.12196E-10
-2.76,4.12624E-10
-2.75,4.12852E-10
-2.74,4.1339E-10
-2.73,4.13489E-10
-2.72,4.14024E-10
-2.71,4.13981E-10
-2.7,4.14614E-10
-2.69,4.14675E-10
-2.68,4.15194E-10
-2.67,4.15263E-10
-2.66,4.15791E-10
-2.65,4.1583E-10
-2.64,4.16297E-10
-2.63,4.16407E-10
-2.62,4.16925E-10
-2.61,4.16984E-10
-2.6,4.17474E-10
-2.59,4.17552E-10
-2.58,4.18079E-10
-2.57,4.18071E-10
-2.56,4.18661E-10
-2.55,4.18621E-10
-2.54,4.19242E-10
-2.53,4.19102E-10
-2.52,4.19673E-10
-2.51,4.19632E-10
-2.5,4.20234E-10
-2.49,4.20168E-10
-2.48,4.20624E-10
-2.47,4.20743E-10
-2.46,4.21201E-10
-2.45,4.21182E-10
-2.44,4.21702E-10
-2.43,4.21687E-10
-2.42,4.22121E-10
-2.41,4.22218E-10
-2.4,4.22494E-10
-2.39,4.22659E-10
-2.38,4.22955E-10
-2.37,4.23142E-10
-2.36,4.23408E-10
-2.35,4.23542E-10
-2.34,4.23775E-10
-2.33,4.23992E-10
-2.32,4.24268E-10
-2.31,4.24388E-10
-2.3,4.2459E-10
-2.29,4.24815E-10
-2.28,4.24949E-10
-2.27,4.2511E-10
-2.26,4.25378E-10
-2.25,4.25581E-10
-2.24,4.25661E-10
-2.23,4.25959E-10
-2.22,4.25966E-10
-2.21,4.26346E-10
-2.2,4.26384E-10
-2.19,4.2662E-10
-2.18,4.2659E-10
-2.17,4.26979E-10
-2.16,4.26993E-10
-2.15,4.27264E-10
-2.14,4.27228E-10
-2.13,4.27555E-10
-2.12,4.27549E-10
-2.11,4.2793E-10
-2.1,4.2788E-10
-2.09,4.28095E-10
-2.08,4.2811E-10
-2.07,4.28418E-10
-2.06,4.28467E-10
-2.05,4.28752E-10
-2.04,4.28642E-10
-2.03,4.29089E-10
-2.02,4.28919E-10
-2.01,4.29385E-10
-2,4.29303E-10
-1.99,4.29622E-10
-1.98,4.29451E-10
-1.97,4.2985E-10
-1.96,4.29786E-10
-1.95,4.30249E-10
-1.94,4.29823E-10
-1.93,4.30426E-10
-1.92,4.30166E-10
-1.91,4.30586E-10
-1.9,4.30406E-10
-1.89,4.30921E-10
-1.88,4.3061E-10
-1.87,4.30999E-10
-1.86,4.30916E-10
-1.85,4.31277E-10
-1.84,4.31144E-10
-1.83,4.31389E-10
-1.82,4.31218E-10
-1.81,4.31532E-10
-1.8,4.31449E-10
-1.79,4.31679E-10
-1.78,4.31704E-10
-1.77,4.31823E-10
-1.76,4.31922E-10
-1.75,4.32016E-10
-1.74,4.3206E-10
-1.73,4.32315E-10
-1.72,4.32275E-10
-1.71,4.32324E-10
-1.7,4.32446E-10
-1.69,4.32571E-10
-1.68,4.32592E-10
-1.67,4.32779E-10
-1.66,4.32776E-10
-1.65,4.32839E-10
-1.64,4.3296E-10
-1.63,4.33011E-10
-1.62,4.33133E-10
-1.61,4.33028E-10
-1.6,4.33253E-10
-1.59,4.33291E-10
-1.58,4.33467E-10
-1.57,4.33379E-10
-1.56,4.33674E-10
-1.55,4.33519E-10
-1.54,4.33832E-10
-1.53,4.33567E-10
-1.52,4.33902E-10
-1.51,4.33775E-10
-1.5,4.33928E-10
-1.49,4.33823E-10
-1.48,4.3418E-10
-1.47,4.33978E-10
-1.46,4.34359E-10
-1.45,4.34006E-10
-1.44,4.34371E-10
-1.43,4.34206E-10
-1.42,4.34542E-10
-1.41,4.3424E-10
-1.4,4.34629E-10
-1.39,4.34444E-10
-1.38,4.34788E-10
-1.37,4.34462E-10
-1.36,4.34885E-10
-1.35,4.34671E-10
-1.34,4.34975E-10
-1.33,4.34637E-10
-1.32,4.35033E-10
-1.31,4.34834E-10
-1.3,4.35167E-10
-1.29,4.34931E-10
-1.28,4.35213E-10
-1.27,4.35085E-10
-1.26,4.35352E-10
-1.25,4.35128E-10
-1.24,4.35444E-10
-1.23,4.35206E-10
-1.22,4.35435E-10
-1.21,4.35352E-10
-1.2,4.35534E-10
-1.19,4.3542E-10
-1.18,4.35607E-10
-1.17,4.35526E-10
-1.16,4.35627E-10
-1.15,4.35611E-10
-1.14,4.35762E-10
-1.13,4.3569E-10
-1.12,4.35892E-10
-1.11,4.35815E-10
-1.1,4.35713E-10
-1.09,4.3592E-10
-1.08,4.35883E-10
-1.07,4.35817E-10
-1.06,4.35982E-10
-1.05,4.36064E-10
-1.04,4.36126E-10
-1.03,4.36143E-10
-1.02,4.36005E-10
-1.01,4.36259E-10
-1,4.36137E-10
-0.99,4.36263E-10
-0.98,4.36204E-10
-0.97,4.36391E-10
-0.96,4.36204E-10
-0.95,4.36583E-10
-0.94,4.36199E-10
-0.93,4.36568E-10
-0.92,4.36379E-10
-0.91,4.36644E-10
-0.9,4.36229E-10
-0.89,4.3663E-10
-0.88,4.36319E-10
-0.87,4.36781E-10
-0.86,4.36449E-10
-0.85,4.36754E-10
-0.84,4.36475E-10
-0.83,4.36835E-10
-0.82,4.3673E-10
-0.81,4.36882E-10
-0.8,4.36647E-10
-0.79,4.37005E-10
-0.78,4.36692E-10
-0.77,4.37051E-10
-0.76,4.36826E-10
-0.75,4.37197E-10
-0.74,4.3683E-10
-0.73,4.37089E-10
-0.72,4.36887E-10
-0.71,4.37227E-10
-0.7,4.36924E-10
-0.69,4.37219E-10
-0.68,4.37127E-10
-0.67,4.37296E-10
-0.66,4.37033E-10
-0.65,4.37297E-10
-0.64,4.37128E-10
-0.63,4.37353E-10
-0.62,4.3719E-10
-0.61,4.37354E-10
-0.6,4.37185E-10
-0.59,4.37468E-10
-0.58,4.37321E-10
-0.57,4.37518E-10
-0.56,4.37291E-10
-0.55,4.37492E-10
-0.54,4.37383E-10
-0.53,4.37613E-10
-0.52,4.37534E-10
-0.51,4.37507E-10
-0.5,4.37542E-10
-0.49,4.37555E-10
-0.48,4.37734E-10
-0.47,4.37386E-10
-0.46,4.37722E-10
-0.45,4.37501E-10
-0.44,4.37796E-10
-0.43,4.37647E-10
-0.42,4.37729E-10
-0.41,4.37597E-10
-0.4,4.37887E-10
-0.39,4.37624E-10
-0.38,4.38014E-10
-0.37,4.37707E-10
-0.36,4.37943E-10
-0.35,4.37748E-10
-0.34,4.38009E-10
-0.33,4.37704E-10
-0.32,4.38054E-10
-0.31,4.37784E-10
-0.3,4.38024E-10
-0.29,4.37867E-10
-0.28,4.38212E-10
-0.27,4.37847E-10
-0.26,4.38156E-10
-0.25,4.37891E-10
-0.24,4.38096E-10
-0.23,4.37977E-10
-0.22,4.38262E-10
-0.21,4.38004E-10
-0.2,4.38345E-10
-0.19,4.38057E-10
-0.18,4.38191E-10
-0.17,4.38128E-10
-0.16,4.38398E-10
-0.15,4.38102E-10
-0.14,4.3826E-10
-0.13,4.38243E-10
-0.12,4.38411E-10
-0.11,4.38111E-10
-0.1,4.38404E-10
-0.09,4.38279E-10
-0.08,4.3836E-10
-0.07,4.38303E-10
-0.06,4.3835E-10
-0.05,4.38395E-10
-0.04,4.38399E-10
-0.03,4.38506E-10
-0.02,4.3839E-10
-0.01,4.38518E-10
0,4.38439E-10
0.01,4.38504E-10
0.02,4.38417E-10
0.03,4.38439E-10
0.04,4.38452E-10
0.05,4.38585E-10
0.06,4.38404E-10
0.07,4.38685E-10
0.08,4.38456E-10
0.09,4.38691E-10
0.1,4.38432E-10
0.11,4.38729E-10
0.12,4.38419E-10
0.13,4.38747E-10
0.14,4.38512E-10
0.15,4.38798E-10
0.16,4.38459E-10
0.17,4.38846E-10
0.18,4.38525E-10
0.19,4.38855E-10
0.2,4.38633E-10
0.21,4.39015E-10
0.22,4.38625E-10
0.23,4.38987E-10
0.24,4.3874E-10
0.25,4.38896E-10
0.26,4.38679E-10
0.27,4.38996E-10
0.28,4.38801E-10
0.29,4.38879E-10
0.3,4.3874E-10
0.31,4.39024E-10
0.32,4.38685E-10
0.33,4.39004E-10
0.34,4.38766E-10
0.35,4.39101E-10
0.36,4.38812E-10
0.37,4.39012E-10
0.38,4.3889E-10
0.39,4.39121E-10
0.4,4.3885E-10
0.41,4.38965E-10
0.42,4.38861E-10
0.43,4.39086E-10
0.44,4.38897E-10
0.45,4.3916E-10
0.46,4.38824E-10
0.47,4.39129E-10
0.48,4.38935E-10
0.49,4.39036E-10
0.5,4.39027E-10
0.51,4.39075E-10
0.52,4.39064E-10
0.53,4.38978E-10
0.54,4.39107E-10
0.55,4.39058E-10
0.56,4.39142E-10
0.57,4.39031E-10
0.58,4.39151E-10
0.59,4.38993E-10
0.6,4.39342E-10
0.61,4.39048E-10
0.62,4.39372E-10
0.63,4.39074E-10
0.64,4.39343E-10
0.65,4.38952E-10
0.66,4.39343E-10
0.67,4.39093E-10
0.68,4.39376E-10
0.69,4.39058E-10
0.7,4.39349E-10
0.71,4.39164E-10
0.72,4.39473E-10
0.73,4.39039E-10
0.74,4.3951E-10
0.75,4.39087E-10
0.76,4.39584E-10
0.77,4.39187E-10
0.78,4.39471E-10
0.79,4.39099E-10
0.8,4.39454E-10
0.81,4.39183E-10
0.82,4.39485E-10
0.83,4.39215E-10
0.84,4.39516E-10
0.85,4.39342E-10
0.86,4.39637E-10
0.87,4.39365E-10
0.88,4.39484E-10
0.89,4.39355E-10
0.9,4.39508E-10
0.91,4.39344E-10
0.92,4.39486E-10
0.93,4.39331E-10
0.94,4.3956E-10
0.95,4.39388E-10
0.96,4.39488E-10
0.97,4.39498E-10
0.98,4.39449E-10
0.99,4.39499E-10
1,4.3953E-10
1.01,4.39563E-10
1.02,4.39535E-10
1.03,4.39582E-10
1.04,4.39453E-10
1.05,4.39543E-10
1.06,4.39421E-10
1.07,4.39592E-10
1.08,4.39538E-10
1.09,4.39579E-10
1.1,4.39437E-10
1.11,4.39722E-10
1.12,4.39358E-10
1.13,4.39749E-10
1.14,4.39427E-10
1.15,4.39768E-10
1.16,4.39558E-10
1.17,4.39785E-10
1.18,4.3947E-10
1.19,4.39712E-10
1.2,4.39437E-10
1.21,4.39798E-10
1.22,4.39559E-10
1.23,4.39736E-10
1.24,4.39467E-10
1.25,4.39827E-10
1.26,4.39424E-10
1.27,4.39854E-10
1.28,4.39475E-10
1.29,4.39829E-10
1.3,4.39611E-10
1.31,4.39871E-10
1.32,4.3952E-10
1.33,4.39825E-10
1.34,4.39613E-10
1.35,4.3979E-10
1.36,4.39688E-10
1.37,4.3979E-10
1.38,4.39718E-10
1.39,4.39828E-10
1.4,4.39626E-10
1.41,4.39748E-10
1.42,4.39659E-10
1.43,4.39748E-10
1.44,4.39809E-10
1.45,4.3961E-10
1.46,4.39927E-10
1.47,4.39731E-10
1.48,4.39738E-10
1.49,4.39627E-10
1.5,4.39761E-10
1.51,4.39744E-10
1.52,4.3977E-10
1.53,4.39545E-10
1.54,4.39865E-10
1.55,4.39699E-10
1.56,4.39864E-10
1.57,4.39682E-10
1.58,4.3986E-10
1.59,4.39593E-10
1.6,4.40059E-10
1.61,4.39653E-10
1.62,4.39977E-10
1.63,4.39611E-10
1.64,4.39997E-10
1.65,4.39624E-10
1.66,4.39912E-10
1.67,4.39571E-10
1.68,4.39944E-10
1.69,4.39688E-10
1.7,4.39954E-10
1.71,4.39747E-10
1.72,4.39941E-10
1.73,4.39704E-10
1.74,4.40078E-10
1.75,4.39781E-10
1.76,4.39912E-10
1.77,4.39717E-10
1.78,4.39922E-10
1.79,4.39737E-10
1.8,4.40003E-10
1.81,4.3974E-10
1.82,4.3997E-10
1.83,4.39745E-10
1.84,4.39857E-10
1.85,4.39802E-10
1.86,4.39915E-10
1.87,4.3984E-10
1.88,4.3986E-10
1.89,4.39835E-10
1.9,4.39878E-10
1.91,4.39849E-10
1.92,4.39861E-10
1.93,4.39934E-10
1.94,4.39747E-10
1.95,4.39804E-10
1.96,4.39898E-10
1.97,4.40027E-10
1.98,4.39806E-10
1.99,4.40011E-10
2,4.39781E-10
2.01,4.40073E-10
2.02,4.39765E-10
2.03,4.39971E-10
2.04,4.39772E-10
2.05,4.40056E-10
2.06,4.39725E-10
2.07,4.40188E-10
2.08,4.39749E-10
2.09,4.40155E-10
2.1,4.39878E-10
2.11,4.40194E-10
2.12,4.39817E-10
2.13,4.40098E-10
2.14,4.39858E-10
2.15,4.40201E-10
2.16,4.39797E-10
2.17,4.40124E-10
2.18,4.39944E-10
2.19,4.40124E-10
2.2,4.39768E-10
2.21,4.40077E-10
2.22,4.39772E-10
2.23,4.40089E-10
2.24,4.39811E-10
2.25,4.40176E-10
2.26,4.39786E-10
2.27,4.40088E-10
2.28,4.3988E-10
2.29,4.40025E-10
2.3,4.39834E-10
2.31,4.40201E-10
2.32,4.39983E-10
2.33,4.40007E-10
2.34,4.39993E-10
2.35,4.40119E-10
2.36,4.39907E-10
2.37,4.39991E-10
2.38,4.3979E-10
2.39,4.39998E-10
2.4,4.40001E-10
2.41,4.39928E-10
2.42,4.40044E-10
2.43,4.39913E-10
2.44,4.40059E-10
2.45,4.39941E-10
2.46,4.39937E-10
2.47,4.39986E-10
2.48,4.40106E-10
2.49,4.40067E-10
2.5,4.40071E-10
2.5,4.39844E-10
2.49,4.40172E-10
2.48,4.39924E-10
2.47,4.4029E-10
2.46,4.39797E-10
2.45,4.40275E-10
2.44,4.39899E-10
2.43,4.40111E-10
2.42,4.39847E-10
2.41,4.40193E-10
2.4,4.39872E-10
2.39,4.40215E-10
2.38,4.39937E-10
2.37,4.40201E-10
2.36,4.39983E-10
2.35,4.402E-10
2.34,4.39921E-10
2.33,4.40286E-10
2.32,4.39936E-10
2.31,4.40169E-10
2.3,4.39936E-10
2.29,4.40134E-10
2.28,4.39953E-10
2.27,4.40156E-10
2.26,4.39887E-10
2.25,4.40251E-10
2.24,4.40098E-10
2.23,4.40143E-10
2.22,4.3991E-10
2.21,4.40008E-10
2.2,4.40065E-10
2.19,4.39983E-10
2.18,4.39999E-10
2.17,4.40018E-10
2.16,4.40098E-10
2.15,4.40099E-10
2.14,4.40056E-10
2.13,4.39963E-10
2.12,4.40027E-10
2.11,4.4003E-10
2.1,4.40085E-10
2.09,4.39955E-10
2.08,4.40142E-10
2.07,4.40026E-10
2.06,4.40108E-10
2.05,4.39976E-10
2.04,4.40161E-10
2.03,4.39832E-10
2.02,4.40187E-10
2.01,4.40059E-10
2,4.40188E-10
1.99,4.39858E-10
1.98,4.40146E-10
1.97,4.39886E-10
1.96,4.40256E-10
1.95,4.39913E-10
1.94,4.40225E-10
1.93,4.3981E-10
1.92,4.40246E-10
1.91,4.39913E-10
1.9,4.402E-10
1.89,4.40001E-10
1.88,4.40113E-10
1.87,4.39951E-10
1.86,4.4018E-10
1.85,4.39933E-10
1.84,4.4014E-10
1.83,4.39857E-10
1.82,4.40171E-10
1.81,4.39864E-10
1.8,4.40177E-10
1.79,4.4006E-10
1.78,4.40179E-10
1.77,4.39991E-10
1.76,4.40156E-10
1.75,4.39906E-10
1.74,4.39993E-10
1.73,4.40082E-10
1.72,4.3999E-10
1.71,4.40102E-10
1.7,4.40158E-10
1.69,4.40012E-10
1.68,4.39966E-10
1.67,4.40122E-10
1.66,4.39971E-10
1.65,4.4019E-10
1.64,4.39845E-10
1.63,4.40231E-10
1.62,4.40066E-10
1.61,4.40175E-10
1.6,4.3995E-10
1.59,4.40163E-10
1.58,4.39945E-10
1.57,4.4025E-10
1.56,4.39891E-10
1.55,4.40237E-10
1.54,4.39822E-10
1.53,4.40152E-10
1.52,4.39899E-10
1.51,4.40238E-10
1.5,4.39882E-10
1.49,4.40375E-10
1.48,4.3991E-10
1.47,4.40289E-10
1.46,4.39857E-10
1.45,4.40235E-10
1.44,4.39977E-10
1.43,4.40262E-10
1.42,4.39842E-10
1.41,4.40193E-10
1.4,4.39931E-10
1.39,4.40194E-10
1.38,4.39955E-10
1.37,4.40092E-10
1.36,4.39979E-10
1.35,4.40201E-10
1.34,4.40006E-10
1.33,4.40123E-10
1.32,4.39946E-10
1.31,4.3999E-10
1.3,4.39907E-10
1.29,4.40121E-10
1.28,4.40026E-10
1.27,4.39985E-10
1.26,4.39991E-10
1.25,4.39955E-10
1.24,4.39994E-10
1.23,4.4008E-10
1.22,4.40004E-10
1.21,4.40024E-10
1.2,4.40037E-10
1.19,4.39936E-10
1.18,4.40111E-10
1.17,4.39906E-10
1.16,4.40203E-10
1.15,4.39861E-10
1.14,4.40097E-10
1.13,4.39859E-10
1.12,4.40105E-10
1.11,4.39943E-10
1.1,4.40274E-10
1.09,4.39828E-10
1.08,4.40239E-10
1.07,4.3983E-10
1.06,4.40159E-10
1.05,4.39891E-10
1.04,4.40256E-10
1.03,4.39897E-10
1.02,4.40251E-10
1.01,4.39953E-10
1,4.40179E-10
0.99,4.39836E-10
0.98,4.40122E-10
0.97,4.3984E-10
0.96,4.40144E-10
0.95,4.39895E-10
0.94,4.40199E-10
0.93,4.39894E-10
0.92,4.40209E-10
0.91,4.3997E-10
0.9,4.40134E-10
0.89,4.39989E-10
0.88,4.40092E-10
0.87,4.39913E-10
0.86,4.40119E-10
0.85,4.39946E-10
0.84,4.40046E-10
0.83,4.39922E-10
0.82,4.40052E-10
0.81,4.39987E-10
0.8,4.39946E-10
0.79,4.40018E-10
0.78,4.40017E-10
0.77,4.39986E-10
0.76,4.39836E-10
0.75,4.3998E-10
0.74,4.40079E-10
0.73,4.40113E-10
0.72,4.39798E-10
0.71,4.39943E-10
0.7,4.39869E-10
0.69,4.40045E-10
0.68,4.39828E-10
0.67,4.40093E-10
0.66,4.39874E-10
0.65,4.40122E-10
0.64,4.39772E-10
0.63,4.40105E-10
0.62,4.39801E-10
0.61,4.40219E-10
0.6,4.39811E-10
0.59,4.40087E-10
0.58,4.3992E-10
0.57,4.40071E-10
0.56,4.39854E-10
0.55,4.40155E-10
0.54,4.39841E-10
0.53,4.40142E-10
0.52,4.39796E-10
0.51,4.40174E-10
0.5,4.39817E-10
0.49,4.40184E-10
0.48,4.39945E-10
0.47,4.40132E-10
0.46,4.39877E-10
0.45,4.40082E-10
0.44,4.39797E-10
0.43,4.39998E-10
0.42,4.39779E-10
0.41,4.40067E-10
0.4,4.39909E-10
0.39,4.40106E-10
0.38,4.3993E-10
0.37,4.40067E-10
0.36,4.3991E-10
0.35,4.40035E-10
0.34,4.39922E-10
0.33,4.39981E-10
0.32,4.39969E-10
0.31,4.39931E-10
0.3,4.39987E-10
0.29,4.39842E-10
0.28,4.39988E-10
0.27,4.39826E-10
0.26,4.39844E-10
0.25,4.39792E-10
0.24,4.40003E-10
0.23,4.39929E-10
0.22,4.40205E-10
0.21,4.39795E-10
0.2,4.40031E-10
0.19,4.39904E-10
0.18,4.40098E-10
0.17,4.39875E-10
0.16,4.40112E-10
0.15,4.39686E-10
0.14,4.40055E-10
0.13,4.39721E-10
0.12,4.40064E-10
0.11,4.39813E-10
0.1,4.40105E-10
0.09,4.39828E-10
0.08,4.4011E-10
0.07,4.39776E-10
0.06,4.40085E-10
0.05,4.39781E-10
0.04,4.40001E-10
0.03,4.39836E-10
0.02,4.40068E-10
0.01,4.39866E-10
0,4.3995E-10
-0.01,4.39782E-10
-0.02,4.40047E-10
-0.03,4.39714E-10
-0.04,4.40108E-10
-0.05,4.39847E-10
-0.06,4.40065E-10
-0.07,4.39866E-10
-0.08,4.39919E-10
-0.09,4.39798E-10
-0.1,4.40087E-10
-0.11,4.39737E-10
-0.12,4.40083E-10
-0.13,4.39898E-10
-0.14,4.40001E-10
-0.15,4.39829E-10
-0.16,4.39938E-10
-0.17,4.39909E-10
-0.18,4.39932E-10
-0.19,4.39897E-10
-0.2,4.39926E-10
-0.21,4.39834E-10
-0.22,4.39875E-10
-0.23,4.39863E-10
-0.24,4.39603E-10
-0.25,4.3986E-10
-0.26,4.39833E-10
-0.27,4.39871E-10
-0.28,4.39703E-10
-0.29,4.39859E-10
-0.3,4.39618E-10
-0.31,4.39801E-10
-0.32,4.39578E-10
-0.33,4.39714E-10
-0.34,4.39462E-10
-0.35,4.39701E-10
-0.36,4.39521E-10
-0.37,4.39614E-10
-0.38,4.39246E-10
-0.39,4.3956E-10
-0.4,4.3924E-10
-0.41,4.39543E-10
-0.42,4.39207E-10
-0.43,4.3947E-10
-0.44,4.39223E-10
-0.45,4.39399E-10
-0.46,4.39254E-10
-0.47,4.39283E-10
-0.48,4.38992E-10
-0.49,4.39208E-10
-0.5,4.38974E-10
-0.51,4.39197E-10
-0.52,4.38824E-10
-0.53,4.39088E-10
-0.54,4.38872E-10
-0.55,4.39072E-10
-0.56,4.3878E-10
-0.57,4.39011E-10
-0.58,4.38667E-10
-0.59,4.38915E-10
-0.6,4.3865E-10
-0.61,4.38733E-10
-0.62,4.38599E-10
-0.63,4.38636E-10
-0.64,4.38515E-10
-0.65,4.3858E-10
-0.66,4.38357E-10
-0.67,4.38399E-10
-0.68,4.3819E-10
-0.69,4.38206E-10
-0.7,4.38326E-10
-0.71,4.38108E-10
-0.72,4.38183E-10
-0.73,4.38081E-10
-0.74,4.38102E-10
-0.75,4.37904E-10
-0.76,4.37983E-10
-0.77,4.37838E-10
-0.78,4.37991E-10
-0.79,4.37764E-10
-0.8,4.37755E-10
-0.81,4.37475E-10
-0.82,4.3768E-10
-0.83,4.37398E-10
-0.84,4.37631E-10
-0.85,4.37298E-10
-0.86,4.37498E-10
-0.87,4.37069E-10
-0.88,4.37294E-10
-0.89,4.37017E-10
-0.9,4.37233E-10
-0.91,4.36928E-10
-0.92,4.37149E-10
-0.93,4.36804E-10
-0.94,4.37027E-10
-0.95,4.36644E-10
-0.96,4.36932E-10
-0.97,4.36498E-10
-0.98,4.36738E-10
-0.99,4.36339E-10
-1,4.36569E-10
-1.01,4.36209E-10
-1.02,4.36482E-10
-1.03,4.36135E-10
-1.04,4.36204E-10
-1.05,4.35948E-10
-1.06,4.36049E-10
-1.07,4.3578E-10
-1.08,4.35942E-10
-1.09,4.35763E-10
-1.1,4.35657E-10
-1.11,4.35571E-10
-1.12,4.35426E-10
-1.13,4.35337E-10
-1.14,4.35229E-10
-1.15,4.35282E-10
-1.16,4.35184E-10
-1.17,4.35032E-10
-1.18,4.34835E-10
-1.19,4.34887E-10
-1.2,4.34679E-10
-1.21,4.34752E-10
-1.22,4.34556E-10
-1.23,4.34569E-10
-1.24,4.34243E-10
-1.25,4.34223E-10
-1.26,4.33994E-10
-1.27,4.34228E-10
-1.28,4.33819E-10
-1.29,4.33812E-10
-1.3,4.33635E-10
-1.31,4.33683E-10
-1.32,4.33296E-10
-1.33,4.33377E-10
-1.34,4.33094E-10
-1.35,4.33179E-10
-1.36,4.32715E-10
-1.37,4.32952E-10
-1.38,4.32567E-10
-1.39,4.32747E-10
-1.4,4.32248E-10
-1.41,4.32443E-10
-1.42,4.31957E-10
-1.43,4.32146E-10
-1.44,4.31722E-10
-1.45,4.31949E-10
-1.46,4.31507E-10
-1.47,4.31602E-10
-1.48,4.31136E-10
-1.49,4.31258E-10
-1.5,4.3078E-10
-1.51,4.31041E-10
-1.52,4.30692E-10
-1.53,4.30675E-10
-1.54,4.30319E-10
-1.55,4.30309E-10
-1.56,4.29985E-10
-1.57,4.29988E-10
-1.58,4.29777E-10
-1.59,4.29536E-10
-1.6,4.29429E-10
-1.61,4.29252E-10
-1.62,4.28964E-10
-1.63,4.28717E-10
-1.64,4.28558E-10
-1.65,4.28378E-10
-1.66,4.28356E-10
-1.67,4.28053E-10
-1.68,4.27931E-10
-1.69,4.27516E-10
-1.7,4.27487E-10
-1.71,4.27017E-10
-1.72,4.27082E-10
-1.73,4.26633E-10
-1.74,4.26731E-10
-1.75,4.26194E-10
-1.76,4.26098E-10
-1.77,4.25695E-10
-1.78,4.25718E-10
-1.79,4.25349E-10
-1.8,4.25307E-10
-1.81,4.24788E-10
-1.82,4.24873E-10
-1.83,4.24261E-10
-1.84,4.24435E-10
-1.85,4.23689E-10
-1.86,4.23719E-10
-1.87,4.23087E-10
-1.88,4.23238E-10
-1.89,4.22567E-10
-1.9,4.22641E-10
-1.91,4.22157E-10
-1.92,4.22102E-10
-1.93,4.21632E-10
-1.94,4.21564E-10
-1.95,4.20977E-10
-1.96,4.20989E-10
-1.97,4.20401E-10
-1.98,4.20239E-10
-1.99,4.19807E-10
-2,4.19541E-10
-2.01,4.19098E-10
-2.02,4.18957E-10
-2.03,4.1857E-10
-2.04,4.1831E-10
-2.05,4.17849E-10
-2.06,4.1767E-10
-2.07,4.17327E-10
-2.08,4.16956E-10
-2.09,4.16542E-10
-2.1,4.16053E-10
-2.11,4.1596E-10
-2.12,4.15428E-10
-2.13,4.15147E-10
-2.14,4.14638E-10
-2.15,4.14391E-10
-2.16,4.13904E-10
-2.17,4.13582E-10
-2.18,4.13088E-10
-2.19,4.12859E-10
-2.2,4.12261E-10
-2.21,4.11937E-10
-2.22,4.11513E-10
-2.23,4.11184E-10
-2.24,4.10549E-10
-2.25,4.10333E-10
-2.26,4.0983E-10
-2.27,4.09664E-10
-2.28,4.09018E-10
-2.29,4.0886E-10
-2.3,4.08094E-10
-2.31,4.08017E-10
-2.32,4.07229E-10
-2.33,4.07043E-10
-2.34,4.06372E-10
-2.35,4.06181E-10
-2.36,4.05454E-10
-2.37,4.0533E-10
-2.38,4.04716E-10
-2.39,4.04471E-10
-2.4,4.03885E-10
-2.41,4.03529E-10
-2.42,4.02836E-10
-2.43,4.02653E-10
-2.44,4.01951E-10
-2.45,4.01739E-10
-2.46,4.01164E-10
-2.47,4.00782E-10
-2.48,4.00265E-10
-2.49,4.00033E-10
-2.5,3.99454E-10
-2.51,3.99046E-10
-2.52,3.98526E-10
-2.53,3.98226E-10
-2.54,3.97739E-10
-2.55,3.97184E-10
-2.56,3.96868E-10
-2.57,3.96277E-10
-2.58,3.95991E-10
-2.59,3.95422E-10
-2.6,3.95105E-10
-2.61,3.94657E-10
-2.62,3.94242E-10
-2.63,3.9364E-10
-2.64,3.93477E-10
-2.65,3.92788E-10
-2.66,3.92586E-10
-2.67,3.91955E-10
-2.68,3.91608E-10
-2.69,3.91147E-10
-2.7,3.90823E-10
-2.71,3.9038E-10
-2.72,3.90134E-10
-2.73,3.89513E-10
-2.74,3.8931E-10
-2.75,3.88684E-10
-2.76,3.88529E-10
-2.77,3.8799E-10
-2.78,3.87902E-10
-2.79,3.87169E-10
-2.8,3.87053E-10
-2.81,3.86532E-10
-2.82,3.86404E-10
-2.83,3.85828E-10
-2.84,3.85564E-10
-2.85,3.85033E-10
-2.86,3.84965E-10
-2.87,3.8434E-10
-2.88,3.84174E-10
-2.89,3.83658E-10
-2.9,3.83444E-10
-2.91,3.83007E-10
-2.92,3.82784E-10
-2.93,3.82408E-10
-2.94,3.82154E-10
-2.95,3.81659E-10
-2.96,3.81569E-10
-2.97,3.81141E-10
-2.98,3.80988E-10
-2.99,3.80602E-10
-3,3.80323E-10
-3.01,3.80055E-10
-3.02,3.79607E-10
-3.03,3.79559E-10
-3.04,3.79054E-10
-3.05,3.78891E-10
-3.06,3.78608E-10
-3.07,3.78321E-10
-3.08,3.7799E-10
-3.09,3.77832E-10
-3.1,3.77591E-10
-3.11,3.77459E-10
-3.12,3.77146E-10
-3.13,3.77027E-10
-3.14,3.76525E-10
-3.15,3.76399E-10
-3.16,3.76084E-10
-3.17,3.75957E-10
-3.18,3.75653E-10
-3.19,3.75524E-10
-3.2,3.75199E-10
-3.21,3.75118E-10
-3.22,3.74763E-10
-3.23,3.74752E-10
-3.24,3.74351E-10
-3.25,3.74414E-10
-3.26,3.73954E-10
-3.27,3.73947E-10
-3.28,3.73603E-10
-3.29,3.73585E-10
-3.3,3.7322E-10
-3.31,3.73241E-10
-3.32,3.72782E-10
-3.33,3.72937E-10
-3.34,3.72458E-10
-3.35,3.72465E-10
-3.36,3.7212E-10
-3.37,3.72257E-10
-3.38,3.71825E-10
-3.39,3.71874E-10
-3.4,3.71517E-10
-3.41,3.71493E-10
-3.42,3.71248E-10
-3.43,3.71203E-10
-3.44,3.70937E-10
-3.45,3.70903E-10
-3.46,3.70731E-10
-3.47,3.70464E-10
-3.48,3.70442E-10
-3.49,3.70316E-10
-3.5,3.70169E-10
-3.51,3.70059E-10
-3.52,3.6999E-10
-3.53,3.69771E-10
-3.54,3.69758E-10
-3.55,3.69464E-10
-3.56,3.69473E-10
-3.57,3.69299E-10
-3.58,3.69291E-10
-3.59,3.69084E-10
-3.6,3.68946E-10
-3.61,3.6871E-10
-3.62,3.68772E-10
-3.63,3.68552E-10
-3.64,3.68552E-10
-3.65,3.68356E-10
-3.66,3.68343E-10
-3.67,3.68012E-10
-3.68,3.68118E-10
-3.69,3.67766E-10
-3.7,3.67911E-10
-3.71,3.67644E-10
-3.72,3.67823E-10
-3.73,3.67372E-10
-3.74,3.67423E-10
-3.75,3.67196E-10
-3.76,3.67347E-10
-3.77,3.66977E-10
-3.78,3.67117E-10
-3.79,3.6684E-10
-3.8,3.66915E-10
-3.81,3.666E-10
-3.82,3.66696E-10
-3.83,3.66506E-10
-3.84,3.6641E-10
-3.85,3.66274E-10
-3.86,3.6632E-10
-3.87,3.66135E-10
-3.88,3.66223E-10
-3.89,3.65954E-10
-3.9,3.6592E-10
-3.91,3.65708E-10
-3.92,3.65712E-10
-3.93,3.65535E-10
-3.94,3.65534E-10
-3.95,3.65463E-10
-3.96,3.6536E-10
-3.97,3.65233E-10
-3.98,3.65093E-10
-3.99,3.6508E-10
-4,3.65098E-10
-4.01,3.64924E-10
-4.02,3.64739E-10
-4.03,3.6473E-10
-4.04,3.64641E-10
-4.05,3.647E-10
-4.06,3.64344E-10
-4.07,3.64369E-10
-4.08,3.64105E-10
-4.09,3.64155E-10
-4.1,3.63964E-10
-4.11,3.64131E-10
-4.12,3.63886E-10
-4.13,3.6383E-10
-4.14,3.6359E-10
-4.15,3.63684E-10
-4.16,3.63371E-10
-4.17,3.63593E-10
-4.18,3.63188E-10
-4.19,3.63331E-10
-4.2,3.6302E-10
-4.21,3.63045E-10
-4.22,3.62712E-10
-4.23,3.6284E-10
-4.24,3.62489E-10
-4.25,3.62499E-10
-4.26,3.62177E-10
-4.27,3.62411E-10
-4.28,3.62022E-10
-4.29,3.61974E-10
-4.3,3.61641E-10
-4.31,3.61607E-10
-4.32,3.61469E-10
-4.33,3.61271E-10
-4.34,3.61187E-10
-4.35,3.61011E-10
-4.36,3.60725E-10
-4.37,3.60726E-10
-4.38,3.60355E-10
-4.39,3.60283E-10
-4.4,3.60082E-10
-4.41,3.5992E-10
-4.42,3.59643E-10
-4.43,3.59534E-10
-4.44,3.59337E-10
-4.45,3.59131E-10
-4.46,3.59038E-10
-4.47,3.58834E-10
-4.48,3.58693E-10
-4.49,3.58489E-10
-4.5,3.58377E-10
-4.51,3.58016E-10
-4.52,3.57776E-10
-4.53,3.57551E-10
-4.54,3.57509E-10
-4.55,3.57099E-10
-4.56,3.5712E-10
-4.57,3.56794E-10
-4.58,3.56826E-10
-4.59,3.56346E-10
-4.6,3.56379E-10
-4.61,3.56154E-10
-4.62,3.55958E-10
-4.63,3.55744E-10
-4.64,3.55692E-10
-4.65,3.55246E-10
-4.66,3.55314E-10
-4.67,3.54987E-10
-4.68,3.54944E-10
-4.69,3.54584E-10
-4.7,3.54614E-10
-4.71,3.54198E-10
-4.72,3.54163E-10
-4.73,3.5386E-10
-4.74,3.53772E-10
-4.75,3.53382E-10
-4.76,3.53433E-10
-4.77,3.53076E-10
-4.78,3.53088E-10
-4.79,3.52733E-10
-4.8,3.52713E-10
-4.81,3.52414E-10
-4.82,3.52378E-10
-4.83,3.52033E-10
-4.84,3.52105E-10
-4.85,3.51698E-10
-4.86,3.5159E-10
-4.87,3.51417E-10
-4.88,3.51283E-10
-4.89,3.5107E-10
-4.9,3.50902E-10
-4.91,3.50775E-10
-4.92,3.50528E-10
-4.93,3.50293E-10
-4.94,3.5015E-10
-4.95,3.50012E-10
-4.96,3.49889E-10
-4.97,3.49682E-10
-4.98,3.49536E-10
-4.99,3.49347E-10
-5,3.49099E-10
-5.01,3.48979E-10
-5.02,3.48865E-10
-5.03,3.48618E-10
-5.04,3.48425E-10
-5.05,3.48353E-10
-5.06,3.4808E-10
-5.07,3.47907E-10
-5.08,3.47691E-10
-5.09,3.47622E-10
-5.1,3.47319E-10
-5.11,3.47342E-10
-5.12,3.46906E-10
-5.13,3.4699E-10
-5.14,3.46716E-10
-5.15,3.46617E-10
-5.16,3.46297E-10
-5.17,3.46313E-10
-5.18,3.45879E-10
-5.19,3.45982E-10
-5.2,3.45652E-10
-5.21,3.45614E-10
-5.22,3.45365E-10
-5.23,3.45263E-10
-5.24,3.44993E-10
-5.25,3.44991E-10
-5.26,3.44664E-10
-5.27,3.44625E-10
-5.28,3.44236E-10
-5.29,3.44325E-10
-5.3,3.43989E-10
-5.31,3.4394E-10
-5.32,3.43621E-10
-5.33,3.43648E-10
-5.34,3.43359E-10
-5.35,3.43199E-10
-5.36,3.4291E-10
-5.37,3.42878E-10
-5.38,3.4265E-10
-5.39,3.42553E-10
-5.4,3.42406E-10
-5.41,3.42222E-10
-5.42,3.41949E-10
-5.43,3.41785E-10
-5.44,3.41609E-10
-5.45,3.41431E-10
-5.46,3.41149E-10
-5.47,3.41106E-10
-5.48,3.41015E-10
-5.49,3.40714E-10
-5.5,3.40651E-10
-5.51,3.40376E-10
-5.52,3.40361E-10
-5.53,3.40039E-10
-5.54,3.40063E-10
-5.55,3.39766E-10
-5.56,3.39703E-10
-5.57,3.39258E-10
-5.58,3.39371E-10
-5.59,3.39015E-10
-5.6,3.38902E-10
-5.61,3.38548E-10
-5.62,3.38509E-10
-5.63,3.38343E-10
-5.64,3.38255E-10
-5.65,3.37898E-10
-5.66,3.37844E-10
-5.67,3.37569E-10
-5.68,3.37616E-10
-5.69,3.37231E-10
-5.7,3.37189E-10
-5.71,3.36972E-10
-5.72,3.36813E-10
-5.73,3.36525E-10
-5.74,3.36532E-10
-5.75,3.36162E-10
-5.76,3.36112E-10
-5.77,3.35882E-10
-5.78,3.3565E-10
-5.79,3.35504E-10
-5.8,3.35354E-10
-5.81,3.35106E-10
-5.82,3.35049E-10
-5.83,3.34657E-10
-5.84,3.34531E-10
-5.85,3.34261E-10
-5.86,3.34176E-10
-5.87,3.34071E-10
-5.88,3.33874E-10
-5.89,3.33539E-10
-5.9,3.33392E-10
-5.91,3.33188E-10
-5.92,3.33028E-10
-5.93,3.32786E-10
-5.94,3.32589E-10
-5.95,3.32421E-10
-5.96,3.32176E-10
-5.97,3.32025E-10
-5.98,3.31627E-10
-5.99,3.31523E-10
-6,3.31393E-10
-6,3.49478E-10
-5.99,3.4987E-10
-5.98,3.49914E-10
-5.97,3.50248E-10
-5.96,3.5036E-10
-5.95,3.50618E-10
-5.94,3.50762E-10
-5.93,3.51091E-10
-5.92,3.5114E-10
-5.91,3.51401E-10
-5.9,3.5153E-10
-5.89,3.51836E-10
-5.88,3.51902E-10
-5.87,3.52293E-10
-5.86,3.52371E-10
-5.85,3.52637E-10
-5.84,3.52642E-10
-5.83,3.53051E-10
-5.82,3.53082E-10
-5.81,3.53427E-10
-5.8,3.53478E-10
-5.79,3.53809E-10
-5.78,3.53844E-10
-5.77,3.54209E-10
-5.76,3.54264E-10
-5.75,3.54569E-10
-5.74,3.5468E-10
-5.73,3.54959E-10
-5.72,3.55037E-10
-5.71,3.55319E-10
-5.7,3.55418E-10
-5.69,3.55663E-10
-5.68,3.5577E-10
-5.67,3.56016E-10
-5.66,3.56269E-10
-5.65,3.56494E-10
-5.64,3.56581E-10
-5.63,3.5681E-10
-5.62,3.56888E-10
-5.61,3.57176E-10
-5.6,3.57363E-10
-5.59,3.57518E-10
-5.58,3.57751E-10
-5.57,3.57918E-10
-5.56,3.58077E-10
-5.55,3.58249E-10
-5.54,3.58532E-10
-5.53,3.58581E-10
-5.52,3.5887E-10
-5.51,3.58881E-10
-5.5,3.59255E-10
-5.49,3.59357E-10
-5.48,3.59623E-10
-5.47,3.59667E-10
-5.46,3.60027E-10
-5.45,3.60069E-10
-5.44,3.6036E-10
-5.43,3.6038E-10
-5.42,3.60736E-10
-5.41,3.60819E-10
-5.4,3.61089E-10
-5.39,3.61106E-10
-5.38,3.61449E-10
-5.37,3.61419E-10
-5.36,3.61837E-10
-5.35,3.61809E-10
-5.34,3.62224E-10
-5.33,3.62252E-10
-5.32,3.62605E-10
-5.31,3.6256E-10
-5.3,3.62894E-10
-5.29,3.62931E-10
-5.28,3.6325E-10
-5.27,3.63334E-10
-5.26,3.63634E-10
-5.25,3.63629E-10
-5.24,3.6396E-10
-5.23,3.64022E-10
-5.22,3.64326E-10
-5.21,3.64403E-10
-5.2,3.64709E-10
-5.19,3.64804E-10
-5.18,3.65025E-10
-5.17,3.65112E-10
-5.16,3.65404E-10
-5.15,3.65467E-10
-5.14,3.65731E-10
-5.13,3.65916E-10
-5.12,3.66094E-10
-5.11,3.66237E-10
-5.1,3.66507E-10
-5.09,3.66692E-10
-5.08,3.66774E-10
-5.07,3.6703E-10
-5.06,3.67155E-10
-5.05,3.67401E-10
-5.04,3.67407E-10
-5.03,3.67743E-10
-5.02,3.6776E-10
-5.01,3.68058E-10
-5,3.68084E-10
-4.99,3.68472E-10
-4.98,3.68458E-10
-4.97,3.68795E-10
-4.96,3.68832E-10
-4.95,3.69128E-10
-4.94,3.69164E-10
-4.93,3.69598E-10
-4.92,3.69568E-10
-4.91,3.69991E-10
-4.9,3.69945E-10
-4.89,3.70358E-10
-4.88,3.70371E-10
-4.87,3.70755E-10
-4.86,3.70715E-10
-4.85,3.71099E-10
-4.84,3.71134E-10
-4.83,3.71456E-10
-4.82,3.71517E-10
-4.81,3.71882E-10
-4.8,3.71857E-10
-4.79,3.72218E-10
-4.78,3.72277E-10
-4.77,3.72643E-10
-4.76,3.72682E-10
-4.75,3.72907E-10
-4.74,3.73017E-10
-4.73,3.73335E-10
-4.72,3.73446E-10
-4.71,3.73798E-10
-4.7,3.73902E-10
-4.69,3.74134E-10
-4.68,3.74242E-10
-4.67,3.74518E-10
-4.66,3.74641E-10
-4.65,3.7488E-10
-4.64,3.7504E-10
-4.63,3.75347E-10
-4.62,3.75401E-10
-4.61,3.75666E-10
-4.6,3.75848E-10
-4.59,3.76036E-10
-4.58,3.76195E-10
-4.57,3.76447E-10
-4.56,3.76559E-10
-4.55,3.7677E-10
-4.54,3.76967E-10
-4.53,3.77069E-10
-4.52,3.77276E-10
-4.51,3.7739E-10
-4.5,3.77583E-10
-4.49,3.77638E-10
-4.48,3.77955E-10
-4.47,3.77977E-10
-4.46,3.78186E-10
-4.45,3.78216E-10
-4.44,3.78529E-10
-4.43,3.7848E-10
-4.42,3.78744E-10
-4.41,3.78756E-10
-4.4,3.79025E-10
-4.39,3.78945E-10
-4.38,3.79243E-10
-4.37,3.79185E-10
-4.36,3.795E-10
-4.35,3.79427E-10
-4.34,3.7971E-10
-4.33,3.7963E-10
-4.32,3.799E-10
-4.31,3.798E-10
-4.3,3.80069E-10
-4.29,3.79978E-10
-4.28,3.80289E-10
-4.27,3.8021E-10
-4.26,3.80477E-10
-4.25,3.80364E-10
-4.24,3.80642E-10
-4.23,3.80524E-10
-4.22,3.80823E-10
-4.21,3.80737E-10
-4.2,3.81072E-10
-4.19,3.80977E-10
-4.18,3.81241E-10
-4.17,3.81076E-10
-4.16,3.81393E-10
-4.15,3.81338E-10
-4.14,3.81558E-10
-4.13,3.81555E-10
-4.12,3.81643E-10
-4.11,3.81751E-10
-4.1,3.8188E-10
-4.09,3.81911E-10
-4.08,3.82029E-10
-4.07,3.82108E-10
-4.06,3.82228E-10
-4.05,3.82343E-10
-4.04,3.8242E-10
-4.03,3.82604E-10
-4.02,3.82664E-10
-4.01,3.82688E-10
-4,3.82692E-10
-3.99,3.82911E-10
-3.98,3.82919E-10
-3.97,3.83142E-10
-3.96,3.83127E-10
-3.95,3.83442E-10
-3.94,3.83315E-10
-3.93,3.83626E-10
-3.92,3.83505E-10
-3.91,3.83785E-10
-3.9,3.83727E-10
-3.89,3.84025E-10
-3.88,3.83962E-10
-3.87,3.8431E-10
-3.86,3.84195E-10
-3.85,3.84498E-10
-3.84,3.84423E-10
-3.83,3.84763E-10
-3.82,3.84639E-10
-3.81,3.84952E-10
-3.8,3.84852E-10
-3.79,3.85249E-10
-3.78,3.8513E-10
-3.77,3.85526E-10
-3.76,3.85433E-10
-3.75,3.85724E-10
-3.74,3.85682E-10
-3.73,3.85977E-10
-3.72,3.85945E-10
-3.71,3.86242E-10
-3.7,3.86166E-10
-3.69,3.86522E-10
-3.68,3.86549E-10
-3.67,3.86785E-10
-3.66,3.86814E-10
-3.65,3.87074E-10
-3.64,3.87154E-10
-3.63,3.87376E-10
-3.62,3.87492E-10
-3.61,3.87678E-10
-3.6,3.87814E-10
-3.59,3.88054E-10
-3.58,3.88168E-10
-3.57,3.88267E-10
-3.56,3.88528E-10
-3.55,3.88597E-10
-3.54,3.8888E-10
-3.53,3.88931E-10
-3.52,3.89238E-10
-3.51,3.89355E-10
-3.5,3.8966E-10
-3.49,3.89676E-10
-3.48,3.90102E-10
-3.47,3.90088E-10
-3.46,3.90414E-10
-3.45,3.90458E-10
-3.44,3.90856E-10
-3.43,3.90895E-10
-3.42,3.91329E-10
-3.41,3.91321E-10
-3.4,3.91765E-10
-3.39,3.91767E-10
-3.38,3.92262E-10
-3.37,3.92221E-10
-3.36,3.92605E-10
-3.35,3.92644E-10
-3.34,3.93132E-10
-3.33,3.93225E-10
-3.32,3.93655E-10
-3.31,3.93654E-10
-3.3,3.94173E-10
-3.29,3.94166E-10
-3.28,3.94676E-10
-3.27,3.94713E-10
-3.26,3.95184E-10
-3.25,3.95229E-10
-3.24,3.95697E-10
-3.23,3.95815E-10
-3.22,3.96348E-10
-3.21,3.96413E-10
-3.2,3.96819E-10
-3.19,3.96987E-10
-3.18,3.97467E-10
-3.17,3.97609E-10
-3.16,3.97929E-10
-3.15,3.98269E-10
-3.14,3.98553E-10
-3.13,3.98795E-10
-3.12,3.99145E-10
-3.11,3.99461E-10
-3.1,3.99801E-10
-3.09,4.00141E-10
-3.08,4.0036E-10
-3.07,4.00788E-10
-3.06,4.01022E-10
-3.05,4.01449E-10
-3.04,4.01679E-10
-3.03,4.02091E-10
-3.02,4.02214E-10
-3.01,4.02759E-10
-3,4.03053E-10
-2.99,4.03622E-10
-2.98,4.03765E-10
-2.97,4.0433E-10
-2.96,4.04534E-10
-2.95,4.05062E-10
-2.94,4.0519E-10
-2.93,4.05862E-10
-2.92,4.05935E-10
-2.91,4.06558E-10
-2.9,4.06716E-10
-2.89,4.07305E-10
-2.88,4.07382E-10
-2.87,4.08055E-10
-2.86,4.08138E-10
-2.85,4.08822E-10
-2.84,4.08949E-10
-2.83,4.09545E-10
-2.82,4.09721E-10
-2.81,4.10378E-10
-2.8,4.10428E-10
-2.79,4.11108E-10
-2.78,4.11225E-10
-2.77,4.11889E-10
-2.76,4.12038E-10
-2.75,4.12631E-10
-2.74,4.12788E-10
-2.73,4.13348E-10
-2.72,4.13574E-10
-2.71,4.14234E-10
-2.7,4.14316E-10
-2.69,4.14886E-10
-2.68,4.15154E-10
-2.67,4.15643E-10
-2.66,4.15907E-10
-2.65,4.16516E-10
-2.64,4.16775E-10
-2.63,4.17301E-10
-2.62,4.17617E-10
-2.61,4.18037E-10
-2.6,4.18345E-10
-2.59,4.18835E-10
-2.58,4.19165E-10
-2.57,4.19523E-10
-2.56,4.19861E-10
-2.55,4.20326E-10
-2.54,4.20647E-10
-2.53,4.21023E-10
-2.52,4.21444E-10
-2.51,4.21732E-10
-2.5,4.222E-10
-2.49,4.22535E-10
-2.48,4.22946E-10
-2.47,4.2323E-10
-2.46,4.2364E-10
-2.45,4.23894E-10
-2.44,4.24333E-10
-2.43,4.24554E-10
-2.42,4.25062E-10
-2.41,4.25236E-10
-2.4,4.25796E-10
-2.39,4.25923E-10
-2.38,4.26539E-10
-2.37,4.26608E-10
-2.36,4.27221E-10
-2.35,4.27338E-10
-2.34,4.27851E-10
-2.33,4.28054E-10
-2.32,4.2864E-10
-2.31,4.28724E-10
-2.3,4.29245E-10
-2.29,4.29358E-10
-2.28,4.29957E-10
-2.27,4.30051E-10
-2.26,4.30591E-10
-2.25,4.30684E-10
-2.24,4.31203E-10
-2.23,4.31172E-10
-2.22,4.31848E-10
-2.21,4.31787E-10
-2.2,4.32434E-10
-2.19,4.32335E-10
-2.18,4.32992E-10
-2.17,4.32943E-10
-2.16,4.33484E-10
-2.15,4.33472E-10
-2.14,4.33993E-10
-2.13,4.34061E-10
-2.12,4.34618E-10
-2.11,4.34659E-10
-2.1,4.35137E-10
-2.09,4.35207E-10
-2.08,4.35623E-10
-2.07,4.3569E-10
-2.06,4.36106E-10
-2.05,4.36235E-10
-2.04,4.36681E-10
-2.03,4.36676E-10
-2.02,4.37059E-10
-2.01,4.37216E-10
-2,4.37533E-10
-1.99,4.37728E-10
-1.98,4.37945E-10
-1.97,4.38233E-10
-1.96,4.3839E-10
-1.95,4.38663E-10
-1.94,4.38751E-10
-1.93,4.39085E-10
-1.92,4.39208E-10
-1.91,4.39507E-10
-1.9,4.39594E-10
-1.89,4.39995E-10
-1.88,4.40049E-10
-1.87,4.40407E-10
-1.86,4.40426E-10
-1.85,4.40842E-10
-1.84,4.40751E-10
-1.83,4.4127E-10
-1.82,4.41077E-10
-1.81,4.4159E-10
-1.8,4.41527E-10
-1.79,4.41971E-10
-1.78,4.41863E-10
-1.77,4.42339E-10
-1.76,4.42187E-10
-1.75,4.42708E-10
-1.74,4.42582E-10
-1.73,4.43035E-10
-1.72,4.42928E-10
-1.71,4.43419E-10
-1.7,4.43232E-10
-1.69,4.4371E-10
-1.68,4.4357E-10
-1.67,4.43968E-10
-1.66,4.43853E-10
-1.65,4.44255E-10
-1.64,4.44168E-10
-1.63,4.4459E-10
-1.62,4.44569E-10
-1.61,4.44836E-10
-1.6,4.44777E-10
-1.59,4.45098E-10
-1.58,4.45058E-10
-1.57,4.45316E-10
-1.56,4.45283E-10
-1.55,4.45627E-10
-1.54,4.45654E-10
-1.53,4.45985E-10
-1.52,4.45829E-10
-1.51,4.46062E-10
-1.5,4.46078E-10
-1.49,4.46233E-10
-1.48,4.4634E-10
-1.47,4.46499E-10
-1.46,4.46736E-10
-1.45,4.46724E-10
-1.44,4.46833E-10
-1.43,4.46846E-10
-1.42,4.47098E-10
-1.41,4.47077E-10
-1.4,4.47313E-10
-1.39,4.47288E-10
-1.38,4.4757E-10
-1.37,4.4752E-10
-1.36,4.47723E-10
-1.35,4.47619E-10
-1.34,4.48015E-10
-1.33,4.47828E-10
-1.32,4.48178E-10
-1.31,4.47977E-10
-1.3,4.48385E-10
-1.29,4.48209E-10
-1.28,4.48556E-10
-1.27,4.48397E-10
-1.26,4.48773E-10
-1.25,4.48508E-10
-1.24,4.48865E-10
-1.23,4.48693E-10
-1.22,4.49046E-10
-1.21,4.48837E-10
-1.2,4.49288E-10
-1.19,4.49023E-10
-1.18,4.49412E-10
-1.17,4.49232E-10
-1.16,4.49554E-10
-1.15,4.49288E-10
-1.14,4.49686E-10
-1.13,4.49536E-10
-1.12,4.49772E-10
-1.11,4.49671E-10
-1.1,4.49964E-10
-1.09,4.49848E-10
-1.08,4.50096E-10
-1.07,4.49996E-10
-1.06,4.50159E-10
-1.05,4.50067E-10
-1.04,4.50375E-10
-1.03,4.50274E-10
-1.02,4.50357E-10
-1.01,4.50432E-10
-1,4.50541E-10
-0.99,4.50562E-10
-0.98,4.50556E-10
-0.97,4.50669E-10
-0.96,4.50762E-10
-0.95,4.5086E-10
-0.94,4.50868E-10
-0.93,4.51043E-10
-0.92,4.50946E-10
-0.91,4.51127E-10
-0.9,4.51046E-10
-0.89,4.51231E-10
-0.88,4.51112E-10
-0.87,4.51437E-10
-0.86,4.51203E-10
-0.85,4.51621E-10
-0.84,4.51311E-10
-0.83,4.51656E-10
-0.82,4.51419E-10
-0.81,4.51803E-10
-0.8,4.5158E-10
-0.79,4.51868E-10
-0.78,4.51618E-10
-0.77,4.52024E-10
-0.76,4.51739E-10
-0.75,4.52129E-10
-0.74,4.51807E-10
-0.73,4.52196E-10
-0.72,4.5197E-10
-0.71,4.52333E-10
-0.7,4.52023E-10
-0.69,4.52325E-10
-0.68,4.52081E-10
-0.67,4.52441E-10
-0.66,4.52282E-10
-0.65,4.5261E-10
-0.64,4.52356E-10
-0.63,4.52665E-10
-0.62,4.52447E-10
-0.61,4.52789E-10
-0.6,4.52504E-10
-0.59,4.52863E-10
-0.58,4.5267E-10
-0.57,4.53001E-10
-0.56,4.5273E-10
-0.55,4.53024E-10
-0.54,4.52868E-10
-0.53,4.53031E-10
-0.52,4.52949E-10
-0.51,4.53076E-10
-0.5,4.53028E-10
-0.49,4.53272E-10
-0.48,4.53149E-10
-0.47,4.53321E-10
-0.46,4.53274E-10
-0.45,4.53333E-10
-0.44,4.53375E-10
-0.43,4.53348E-10
-0.42,4.53476E-10
-0.41,4.5348E-10
-0.4,4.53537E-10
-0.39,4.53452E-10
-0.38,4.53597E-10
-0.37,4.53528E-10
-0.36,4.53735E-10
-0.35,4.53602E-10
-0.34,4.53851E-10
-0.33,4.53692E-10
-0.32,4.53941E-10
-0.31,4.5365E-10
-0.3,4.53998E-10
-0.29,4.5374E-10
-0.28,4.54117E-10
-0.27,4.53752E-10
-0.26,4.5415E-10
-0.25,4.53944E-10
-0.24,4.54217E-10
-0.23,4.53935E-10
-0.22,4.54234E-10
-0.21,4.53994E-10
-0.2,4.54325E-10
-0.19,4.54041E-10
-0.18,4.54473E-10
-0.17,4.54081E-10
-0.16,4.5452E-10
-0.15,4.5421E-10
-0.14,4.54515E-10
-0.13,4.54301E-10
-0.12,4.54622E-10
-0.11,4.54427E-10
-0.1,4.54559E-10
-0.09,4.54436E-10
-0.08,4.5471E-10
-0.07,4.54478E-10
-0.06,4.54698E-10
-0.05,4.54561E-10
-0.04,4.54732E-10
-0.03,4.54679E-10
-0.02,4.54787E-10
-0.01,4.54722E-10
0,4.54874E-10
0.01,4.54772E-10
0.02,4.5497E-10
0.03,4.54892E-10
0.04,4.54995E-10
0.05,4.54966E-10
0.06,4.5501E-10
0.07,4.55001E-10
0.08,4.55018E-10
0.09,4.55091E-10
0.1,4.55088E-10
0.11,4.5517E-10
0.12,4.55072E-10
0.13,4.55271E-10
0.14,4.55078E-10
0.15,4.55315E-10
0.16,4.55117E-10
0.17,4.55351E-10
0.18,4.55126E-10
0.19,4.55438E-10
0.2,4.55211E-10
0.21,4.55538E-10
0.22,4.55205E-10
0.23,4.55549E-10
0.24,4.55227E-10
0.25,4.55634E-10
0.26,4.55317E-10
0.27,4.55682E-10
0.28,4.5537E-10
0.29,4.55683E-10
0.3,4.55468E-10
0.31,4.55773E-10
0.32,4.55485E-10
0.33,4.55853E-10
0.34,4.55518E-10
0.35,4.55851E-10
0.36,4.55599E-10
0.37,4.55939E-10
0.38,4.55606E-10
0.39,4.55958E-10
0.4,4.55634E-10
0.41,4.55995E-10
0.42,4.55587E-10
0.43,4.5603E-10
0.44,4.55757E-10
0.45,4.56085E-10
0.46,4.55751E-10
0.47,4.56096E-10
0.48,4.55887E-10
0.49,4.5612E-10
0.5,4.5588E-10
0.51,4.56131E-10
0.52,4.55968E-10
0.53,4.56148E-10
0.54,4.55974E-10
0.55,4.56128E-10
0.56,4.56014E-10
0.57,4.56139E-10
0.58,4.561E-10
0.59,4.56185E-10
0.6,4.56182E-10
0.61,4.56209E-10
0.62,4.56186E-10
0.63,4.56131E-10
0.64,4.56286E-10
0.65,4.56174E-10
0.66,4.5632E-10
0.67,4.56255E-10
0.68,4.5639E-10
0.69,4.56268E-10
0.7,4.56491E-10
0.71,4.562E-10
0.72,4.56451E-10
0.73,4.56228E-10
0.74,4.56488E-10
0.75,4.56337E-10
0.76,4.566E-10
0.77,4.56316E-10
0.78,4.56607E-10
0.79,4.56355E-10
0.8,4.56724E-10
0.81,4.56312E-10
0.82,4.56741E-10
0.83,4.56358E-10
0.84,4.56706E-10
0.85,4.5638E-10
0.86,4.5677E-10
0.87,4.56501E-10
0.88,4.5683E-10
0.89,4.56487E-10
0.9,4.56884E-10
0.91,4.56532E-10
0.92,4.56909E-10
0.93,4.56555E-10
0.94,4.56902E-10
0.95,4.56593E-10
0.96,4.56882E-10
0.97,4.56643E-10
0.98,4.56881E-10
0.99,4.56691E-10
1,4.56904E-10
1.01,4.5679E-10
1.02,4.56928E-10
1.03,4.56793E-10
1.04,4.56899E-10
1.05,4.56882E-10
1.06,4.56973E-10
1.07,4.56923E-10
1.08,4.56976E-10
1.09,4.56894E-10
1.1,4.56974E-10
1.11,4.56999E-10
1.12,4.56856E-10
1.13,4.57135E-10
1.14,4.56988E-10
1.15,4.57122E-10
1.16,4.56968E-10
1.17,4.57135E-10
1.18,4.56968E-10
1.19,4.57165E-10
1.2,4.56953E-10
1.21,4.57235E-10
1.22,4.57036E-10
1.23,4.57275E-10
1.24,4.56955E-10
1.25,4.57266E-10
1.26,4.57004E-10
1.27,4.57309E-10
1.28,4.56974E-10
1.29,4.57337E-10
1.3,4.57044E-10
1.31,4.57288E-10
1.32,4.57055E-10
1.33,4.57423E-10
1.34,4.57048E-10
1.35,4.57405E-10
1.36,4.57075E-10
1.37,4.5745E-10
1.38,4.57166E-10
1.39,4.57497E-10
1.4,4.57156E-10
1.41,4.57424E-10
1.42,4.57152E-10
1.43,4.57437E-10
1.44,4.57278E-10
1.45,4.57447E-10
1.46,4.57307E-10
1.47,4.5741E-10
1.48,4.57331E-10
1.49,4.57553E-10
1.5,4.57343E-10
1.51,4.5749E-10
1.52,4.57391E-10
1.53,4.57439E-10
1.54,4.57404E-10
1.55,4.57474E-10
1.56,4.57466E-10
1.57,4.5747E-10
1.58,4.57508E-10
1.59,4.57447E-10
1.6,4.57556E-10
1.61,4.57433E-10
1.62,4.57541E-10
1.63,4.57464E-10
1.64,4.57592E-10
1.65,4.57505E-10
1.66,4.57609E-10
1.67,4.57458E-10
1.68,4.57663E-10
1.69,4.57434E-10
1.7,4.57658E-10
1.71,4.57431E-10
1.72,4.57703E-10
1.73,4.57457E-10
1.74,4.57776E-10
1.75,4.57463E-10
1.76,4.57775E-10
1.77,4.57359E-10
1.78,4.57763E-10
1.79,4.57478E-10
1.8,4.57876E-10
1.81,4.57437E-10
1.82,4.57793E-10
1.83,4.5749E-10
1.84,4.57794E-10
1.85,4.57493E-10
1.86,4.57852E-10
1.87,4.57503E-10
1.88,4.57869E-10
1.89,4.57494E-10
1.9,4.57803E-10
1.91,4.5758E-10
1.92,4.57885E-10
1.93,4.57596E-10
1.94,4.5789E-10
1.95,4.57558E-10
1.96,4.57848E-10
1.97,4.57569E-10
1.98,4.57781E-10
1.99,4.57646E-10
2,4.57796E-10
2.01,4.57754E-10
2.02,4.57784E-10
2.03,4.57727E-10
2.04,4.57816E-10
2.05,4.57779E-10
2.06,4.57761E-10
2.07,4.57868E-10
2.08,4.57721E-10
2.09,4.5785E-10
2.1,4.57734E-10
2.11,4.57834E-10
2.12,4.57732E-10
2.13,4.57906E-10
2.14,4.57735E-10
2.15,4.57924E-10
2.16,4.5769E-10
2.17,4.57943E-10
2.18,4.57734E-10
2.19,4.58013E-10
2.2,4.57685E-10
2.21,4.57947E-10
2.22,4.5772E-10
2.23,4.5802E-10
2.24,4.57691E-10
2.25,4.57994E-10
2.26,4.57705E-10
2.27,4.57979E-10
2.28,4.57707E-10
2.29,4.57997E-10
2.3,4.5771E-10
2.31,4.58019E-10
2.32,4.577E-10
2.33,4.58046E-10
2.34,4.5766E-10
2.35,4.58025E-10
2.36,4.57714E-10
2.37,4.58023E-10
2.38,4.57736E-10
2.39,4.58028E-10
2.4,4.57714E-10
2.41,4.58001E-10
2.42,4.57823E-10
2.43,4.58002E-10
2.44,4.57818E-10
2.45,4.58082E-10
2.46,4.57809E-10
2.47,4.58015E-10
2.48,4.57834E-10
2.49,4.57929E-10
2.5,4.57867E-10
2.5,4.57849E-10
2.49,4.57955E-10
2.48,4.57833E-10
2.47,4.57996E-10
2.46,4.57832E-10
2.45,4.57944E-10
2.44,4.57799E-10
2.43,4.58028E-10
2.42,4.5777E-10
2.41,4.58006E-10
2.4,4.57766E-10
2.39,4.58021E-10
2.38,4.57717E-10
2.37,4.58011E-10
2.36,4.57799E-10
2.35,4.57988E-10
2.34,4.57742E-10
2.33,4.58024E-10
2.32,4.57809E-10
2.31,4.581E-10
2.3,4.57697E-10
2.29,4.5805E-10
2.28,4.57778E-10
2.27,4.58096E-10
2.26,4.57719E-10
2.25,4.5805E-10
2.24,4.57725E-10
2.23,4.58108E-10
2.22,4.5774E-10
2.21,4.58059E-10
2.2,4.5776E-10
2.19,4.58093E-10
2.18,4.57685E-10
2.17,4.58068E-10
2.16,4.57701E-10
2.15,4.58103E-10
2.14,4.57783E-10
2.13,4.58029E-10
2.12,4.57738E-10
2.11,4.58065E-10
2.1,4.57812E-10
2.09,4.57962E-10
2.08,4.57713E-10
2.07,4.57949E-10
2.06,4.57843E-10
2.05,4.57918E-10
2.04,4.57931E-10
2.03,4.57957E-10
2.02,4.57841E-10
2.01,4.57835E-10
2,4.57805E-10
1.99,4.57924E-10
1.98,4.57796E-10
1.97,4.57827E-10
1.96,4.5789E-10
1.95,4.57863E-10
1.94,4.57868E-10
1.93,4.5782E-10
1.92,4.57871E-10
1.91,4.57784E-10
1.9,4.57891E-10
1.89,4.5775E-10
1.88,4.57933E-10
1.87,4.57758E-10
1.86,4.57921E-10
1.85,4.57671E-10
1.84,4.57958E-10
1.83,4.5766E-10
1.82,4.58008E-10
1.81,4.57637E-10
1.8,4.57999E-10
1.79,4.57593E-10
1.78,4.57938E-10
1.77,4.57613E-10
1.76,4.57967E-10
1.75,4.57676E-10
1.74,4.57925E-10
1.73,4.57624E-10
1.72,4.57921E-10
1.71,4.5757E-10
1.7,4.57944E-10
1.69,4.57616E-10
1.68,4.57946E-10
1.67,4.57604E-10
1.66,4.5793E-10
1.65,4.57623E-10
1.64,4.57919E-10
1.63,4.5766E-10
1.62,4.57914E-10
1.61,4.57624E-10
1.6,4.57954E-10
1.59,4.57641E-10
1.58,4.57872E-10
1.57,4.5761E-10
1.56,4.5789E-10
1.55,4.57667E-10
1.54,4.5788E-10
1.53,4.57654E-10
1.52,4.57927E-10
1.51,4.57601E-10
1.5,4.57912E-10
1.49,4.57636E-10
1.48,4.57797E-10
1.47,4.57641E-10
1.46,4.5778E-10
1.45,4.57739E-10
1.44,4.5776E-10
1.43,4.57733E-10
1.42,4.5774E-10
1.41,4.57733E-10
1.4,4.57711E-10
1.39,4.57782E-10
1.38,4.57675E-10
1.37,4.57816E-10
1.36,4.57667E-10
1.35,4.57771E-10
1.34,4.57617E-10
1.33,4.57767E-10
1.32,4.57619E-10
1.31,4.57816E-10
1.3,4.57619E-10
1.29,4.57787E-10
1.28,4.57549E-10
1.27,4.57809E-10
1.26,4.57542E-10
1.25,4.57758E-10
1.24,4.57528E-10
1.23,4.57816E-10
1.22,4.57524E-10
1.21,4.57783E-10
1.2,4.5749E-10
1.19,4.57847E-10
1.18,4.57495E-10
1.17,4.5775E-10
1.16,4.57495E-10
1.15,4.57838E-10
1.14,4.57499E-10
1.13,4.57816E-10
1.12,4.57456E-10
1.11,4.57825E-10
1.1,4.57467E-10
1.09,4.57813E-10
1.08,4.57432E-10
1.07,4.57795E-10
1.06,4.57438E-10
1.05,4.57817E-10
1.04,4.57371E-10
1.03,4.57806E-10
1.02,4.57499E-10
1.01,4.57857E-10
1,4.57481E-10
0.99,4.57759E-10
0.98,4.57444E-10
0.97,4.57769E-10
0.96,4.57444E-10
0.95,4.57818E-10
0.94,4.57482E-10
0.93,4.57751E-10
0.92,4.57499E-10
0.91,4.57722E-10
0.9,4.57476E-10
0.89,4.57707E-10
0.88,4.57521E-10
0.87,4.57656E-10
0.86,4.57571E-10
0.85,4.57677E-10
0.84,4.57575E-10
0.83,4.57555E-10
0.82,4.57532E-10
0.81,4.57524E-10
0.8,4.57604E-10
0.79,4.57494E-10
0.78,4.57636E-10
0.77,4.5747E-10
0.76,4.57644E-10
0.75,4.57384E-10
0.74,4.57714E-10
0.73,4.57404E-10
0.72,4.57649E-10
0.71,4.57451E-10
0.7,4.57696E-10
0.69,4.57438E-10
0.68,4.57687E-10
0.67,4.57401E-10
0.66,4.57641E-10
0.65,4.57341E-10
0.64,4.57728E-10
0.63,4.57433E-10
0.62,4.57717E-10
0.61,4.57406E-10
0.6,4.57682E-10
0.59,4.57398E-10
0.58,4.57696E-10
0.57,4.57349E-10
0.56,4.57653E-10
0.55,4.5736E-10
0.54,4.5762E-10
0.53,4.57353E-10
0.52,4.57674E-10
0.51,4.57378E-10
0.5,4.57625E-10
0.49,4.57354E-10
0.48,4.57641E-10
0.47,4.57389E-10
0.46,4.57594E-10
0.45,4.57313E-10
0.44,4.57562E-10
0.43,4.57455E-10
0.42,4.57603E-10
0.41,4.57412E-10
0.4,4.57451E-10
0.39,4.5747E-10
0.38,4.574E-10
0.37,4.57381E-10
0.36,4.57432E-10
0.35,4.57462E-10
0.34,4.57454E-10
0.33,4.57478E-10
0.32,4.57406E-10
0.31,4.57418E-10
0.3,4.5734E-10
0.29,4.57435E-10
0.28,4.57385E-10
0.27,4.5747E-10
0.26,4.57357E-10
0.25,4.57472E-10
0.24,4.57302E-10
0.23,4.57486E-10
0.22,4.57242E-10
0.21,4.57518E-10
0.2,4.57308E-10
0.19,4.57493E-10
0.18,4.57309E-10
0.17,4.57437E-10
0.16,4.5728E-10
0.15,4.5747E-10
0.14,4.57254E-10
0.13,4.57592E-10
0.12,4.57238E-10
0.11,4.57564E-10
0.1,4.57181E-10
0.09,4.57464E-10
0.08,4.57172E-10
0.07,4.57532E-10
0.06,4.57147E-10
0.05,4.57525E-10
0.04,4.57131E-10
0.03,4.57494E-10
0.02,4.57207E-10
0.01,4.57531E-10
0,4.57205E-10
-0.01,4.57563E-10
-0.02,4.57181E-10
-0.03,4.57538E-10
-0.04,4.57139E-10
-0.05,4.57465E-10
-0.06,4.5717E-10
-0.07,4.57451E-10
-0.08,4.57158E-10
-0.09,4.57472E-10
-0.1,4.57156E-10
-0.11,4.5742E-10
-0.12,4.57164E-10
-0.13,4.57299E-10
-0.14,4.57103E-10
-0.15,4.57362E-10
-0.16,4.57086E-10
-0.17,4.57279E-10
-0.18,4.57178E-10
-0.19,4.57145E-10
-0.2,4.5724E-10
-0.21,4.5702E-10
-0.22,4.56998E-10
-0.23,4.57024E-10
-0.24,4.57107E-10
-0.25,4.57015E-10
-0.26,4.56959E-10
-0.27,4.56851E-10
-0.28,4.56936E-10
-0.29,4.56732E-10
-0.3,4.56791E-10
-0.31,4.56644E-10
-0.32,4.56789E-10
-0.33,4.56562E-10
-0.34,4.56713E-10
-0.35,4.56442E-10
-0.36,4.56665E-10
-0.37,4.56328E-10
-0.38,4.56502E-10
-0.39,4.56196E-10
-0.4,4.5651E-10
-0.41,4.56107E-10
-0.42,4.56393E-10
-0.43,4.55982E-10
-0.44,4.56181E-10
-0.45,4.55901E-10
-0.46,4.56136E-10
-0.47,4.55716E-10
-0.48,4.56036E-10
-0.49,4.55606E-10
-0.5,4.55821E-10
-0.51,4.55506E-10
-0.52,4.55747E-10
-0.53,4.55409E-10
-0.54,4.55637E-10
-0.55,4.55238E-10
-0.56,4.55451E-10
-0.57,4.55088E-10
-0.58,4.55263E-10
-0.59,4.55001E-10
-0.6,4.55145E-10
-0.61,4.54891E-10
-0.62,4.54977E-10
-0.63,4.54691E-10
-0.64,4.54716E-10
-0.65,4.54536E-10
-0.66,4.54548E-10
-0.67,4.54404E-10
-0.68,4.54377E-10
-0.69,4.5432E-10
-0.7,4.54255E-10
-0.71,4.54103E-10
-0.72,4.53975E-10
-0.73,4.53901E-10
-0.74,4.53843E-10
-0.75,4.5378E-10
-0.76,4.53545E-10
-0.77,4.53672E-10
-0.78,4.53474E-10
-0.79,4.53483E-10
-0.8,4.53148E-10
-0.81,4.5325E-10
-0.82,4.52904E-10
-0.83,4.53064E-10
-0.84,4.52759E-10
-0.85,4.52992E-10
-0.86,4.52556E-10
-0.87,4.52698E-10
-0.88,4.52277E-10
-0.89,4.52461E-10
-0.9,4.52087E-10
-0.91,4.52266E-10
-0.92,4.51825E-10
-0.93,4.52038E-10
-0.94,4.51611E-10
-0.95,4.51849E-10
-0.96,4.51397E-10
-0.97,4.51625E-10
-0.98,4.51207E-10
-0.99,4.51332E-10
-1,4.50903E-10
-1.01,4.51111E-10
-1.02,4.50666E-10
-1.03,4.50789E-10
-1.04,4.50384E-10
-1.05,4.50547E-10
-1.06,4.50122E-10
-1.07,4.50154E-10
-1.08,4.49897E-10
-1.09,4.49912E-10
-1.1,4.49551E-10
-1.11,4.49636E-10
-1.12,4.49289E-10
-1.13,4.49276E-10
-1.14,4.48934E-10
-1.15,4.48995E-10
-1.16,4.48635E-10
-1.17,4.48596E-10
-1.18,4.48361E-10
-1.19,4.48221E-10
-1.2,4.48007E-10
-1.21,4.47932E-10
-1.22,4.47679E-10
-1.23,4.47557E-10
-1.24,4.4722E-10
-1.25,4.47149E-10
-1.26,4.46969E-10
-1.27,4.46775E-10
-1.28,4.46611E-10
-1.29,4.4644E-10
-1.3,4.46248E-10
-1.31,4.45944E-10
-1.32,4.45781E-10
-1.33,4.45558E-10
-1.34,4.45447E-10
-1.35,4.45083E-10
-1.36,4.45027E-10
-1.37,4.44704E-10
-1.38,4.44605E-10
-1.39,4.44218E-10
-1.4,4.44173E-10
-1.41,4.43765E-10
-1.42,4.43796E-10
-1.43,4.43233E-10
-1.44,4.4329E-10
-1.45,4.42752E-10
-1.46,4.42767E-10
-1.47,4.42267E-10
-1.48,4.42203E-10
-1.49,4.41765E-10
-1.5,4.41781E-10
-1.51,4.41199E-10
-1.52,4.41299E-10
-1.53,4.40733E-10
-1.54,4.40735E-10
-1.55,4.4016E-10
-1.56,4.40162E-10
-1.57,4.39601E-10
-1.58,4.39702E-10
-1.59,4.39139E-10
-1.6,4.39082E-10
-1.61,4.38561E-10
-1.62,4.38528E-10
-1.63,4.38024E-10
-1.64,4.37856E-10
-1.65,4.37298E-10
-1.66,4.37247E-10
-1.67,4.36635E-10
-1.68,4.3663E-10
-1.69,4.3601E-10
-1.7,4.35966E-10
-1.71,4.35401E-10
-1.72,4.35323E-10
-1.73,4.34729E-10
-1.74,4.34591E-10
-1.75,4.33994E-10
-1.76,4.33864E-10
-1.77,4.33317E-10
-1.78,4.33118E-10
-1.79,4.3266E-10
-1.8,4.32376E-10
-1.81,4.31837E-10
-1.82,4.31579E-10
-1.83,4.31028E-10
-1.84,4.30805E-10
-1.85,4.3042E-10
-1.86,4.29961E-10
-1.87,4.29659E-10
-1.88,4.29204E-10
-1.89,4.2889E-10
-1.9,4.28321E-10
-1.91,4.27999E-10
-1.92,4.27564E-10
-1.93,4.27217E-10
-1.94,4.26697E-10
-1.95,4.26481E-10
-1.96,4.25787E-10
-1.97,4.25581E-10
-1.98,4.25007E-10
-1.99,4.24738E-10
-2,4.24111E-10
-2.01,4.23912E-10
-2.02,4.23235E-10
-2.03,4.231E-10
-2.04,4.22374E-10
-2.05,4.22188E-10
-2.06,4.21552E-10
-2.07,4.21409E-10
-2.08,4.20724E-10
-2.09,4.2054E-10
-2.1,4.19782E-10
-2.11,4.19708E-10
-2.12,4.18899E-10
-2.13,4.18775E-10
-2.14,4.18035E-10
-2.15,4.17836E-10
-2.16,4.17122E-10
-2.17,4.1698E-10
-2.18,4.16284E-10
-2.19,4.16018E-10
-2.2,4.15294E-10
-2.21,4.15113E-10
-2.22,4.1453E-10
-2.23,4.14215E-10
-2.24,4.13564E-10
-2.25,4.13304E-10
-2.26,4.12658E-10
-2.27,4.12389E-10
-2.28,4.11821E-10
-2.29,4.11587E-10
-2.3,4.11016E-10
-2.31,4.10651E-10
-2.32,4.10073E-10
-2.33,4.09722E-10
-2.34,4.09295E-10
-2.35,4.08836E-10
-2.36,4.08358E-10
-2.37,4.08016E-10
-2.38,4.07638E-10
-2.39,4.07111E-10
-2.4,4.06782E-10
-2.41,4.06299E-10
-2.42,4.06038E-10
-2.43,4.05518E-10
-2.44,4.05289E-10
-2.45,4.04766E-10
-2.46,4.04442E-10
-2.47,4.03906E-10
-2.48,4.03691E-10
-2.49,4.03158E-10
-2.5,4.02947E-10
-2.51,4.02355E-10
-2.52,4.02266E-10
-2.53,4.0168E-10
-2.54,4.01569E-10
-2.55,4.00914E-10
-2.56,4.00809E-10
-2.57,4.00162E-10
-2.58,4.00077E-10
-2.59,3.99438E-10
-2.6,3.99344E-10
-2.61,3.98797E-10
-2.62,3.98684E-10
-2.63,3.98049E-10
-2.64,3.98029E-10
-2.65,3.97543E-10
-2.66,3.97371E-10
-2.67,3.96839E-10
-2.68,3.9677E-10
-2.69,3.96283E-10
-2.7,3.96231E-10
-2.71,3.95732E-10
-2.72,3.95642E-10
-2.73,3.9519E-10
-2.74,3.94909E-10
-2.75,3.94565E-10
-2.76,3.94381E-10
-2.77,3.9401E-10
-2.78,3.93849E-10
-2.79,3.93549E-10
-2.8,3.93415E-10
-2.81,3.93104E-10
-2.82,3.9283E-10
-2.83,3.92603E-10
-2.84,3.92389E-10
-2.85,3.92178E-10
-2.86,3.9192E-10
-2.87,3.91706E-10
-2.88,3.91474E-10
-2.89,3.91318E-10
-2.9,3.90914E-10
-2.91,3.90818E-10
-2.92,3.90594E-10
-2.93,3.90513E-10
-2.94,3.90146E-10
-2.95,3.90087E-10
-2.96,3.89734E-10
-2.97,3.89766E-10
-2.98,3.89407E-10
-2.99,3.89379E-10
-3,3.89054E-10
-3.01,3.88928E-10
-3.02,3.88694E-10
-3.03,3.88679E-10
-3.04,3.88338E-10
-3.05,3.88377E-10
-3.06,3.8805E-10
-3.07,3.8805E-10
-3.08,3.87697E-10
-3.09,3.87797E-10
-3.1,3.87405E-10
-3.11,3.87493E-10
-3.12,3.87081E-10
-3.13,3.87166E-10
-3.14,3.86791E-10
-3.15,3.86896E-10
-3.16,3.86607E-10
-3.17,3.86683E-10
-3.18,3.86295E-10
-3.19,3.86383E-10
-3.2,3.86068E-10
-3.21,3.86145E-10
-3.22,3.8578E-10
-3.23,3.859E-10
-3.24,3.85546E-10
-3.25,3.85615E-10
-3.26,3.85341E-10
-3.27,3.85485E-10
-3.28,3.85147E-10
-3.29,3.85205E-10
-3.3,3.84985E-10
-3.31,3.85006E-10
-3.32,3.84761E-10
-3.33,3.84788E-10
-3.34,3.84612E-10
-3.35,3.84636E-10
-3.36,3.84403E-10
-3.37,3.84431E-10
-3.38,3.84175E-10
-3.39,3.84107E-10
-3.4,3.84027E-10
-3.41,3.83924E-10
-3.42,3.83911E-10
-3.43,3.83789E-10
-3.44,3.83754E-10
-3.45,3.83591E-10
-3.46,3.83546E-10
-3.47,3.83372E-10
-3.48,3.83484E-10
-3.49,3.8317E-10
-3.5,3.83291E-10
-3.51,3.83114E-10
-3.52,3.8319E-10
-3.53,3.82915E-10
-3.54,3.83006E-10
-3.55,3.82692E-10
-3.56,3.829E-10
-3.57,3.82557E-10
-3.58,3.82735E-10
-3.59,3.8252E-10
-3.6,3.82644E-10
-3.61,3.82318E-10
-3.62,3.82455E-10
-3.63,3.82132E-10
-3.64,3.82264E-10
-3.65,3.82038E-10
-3.66,3.82215E-10
-3.67,3.81904E-10
-3.68,3.82025E-10
-3.69,3.81707E-10
-3.7,3.81934E-10
-3.71,3.81671E-10
-3.72,3.8175E-10
-3.73,3.81518E-10
-3.74,3.81598E-10
-3.75,3.81395E-10
-3.76,3.81483E-10
-3.77,3.81255E-10
-3.78,3.81365E-10
-3.79,3.81172E-10
-3.8,3.81252E-10
-3.81,3.81067E-10
-3.82,3.81022E-10
-3.83,3.80912E-10
-3.84,3.80926E-10
-3.85,3.80832E-10
-3.86,3.80811E-10
-3.87,3.80647E-10
-3.88,3.80613E-10
-3.89,3.80537E-10
-3.9,3.8046E-10
-3.91,3.80477E-10
-3.92,3.80372E-10
-3.93,3.80332E-10
-3.94,3.80196E-10
-3.95,3.80184E-10
-3.96,3.80044E-10
-3.97,3.80134E-10
-3.98,3.79886E-10
-3.99,3.79977E-10
-4,3.79777E-10
-4.01,3.79854E-10
-4.02,3.79659E-10
-4.03,3.79739E-10
-4.04,3.79481E-10
-4.05,3.7966E-10
-4.06,3.7935E-10
-4.07,3.79464E-10
-4.08,3.79177E-10
-4.09,3.79338E-10
-4.1,3.79096E-10
-4.11,3.79234E-10
-4.12,3.78891E-10
-4.13,3.79076E-10
-4.14,3.78771E-10
-4.15,3.78917E-10
-4.16,3.7862E-10
-4.17,3.78792E-10
-4.18,3.78434E-10
-4.19,3.78609E-10
-4.2,3.78308E-10
-4.21,3.78407E-10
-4.22,3.78152E-10
-4.23,3.78271E-10
-4.24,3.78004E-10
-4.25,3.78061E-10
-4.26,3.77835E-10
-4.27,3.77841E-10
-4.28,3.7764E-10
-4.29,3.77652E-10
-4.3,3.77415E-10
-4.31,3.77468E-10
-4.32,3.7725E-10
-4.33,3.77166E-10
-4.34,3.76925E-10
-4.35,3.76888E-10
-4.36,3.76677E-10
-4.37,3.76723E-10
-4.38,3.76421E-10
-4.39,3.76386E-10
-4.4,3.7619E-10
-4.41,3.76042E-10
-4.42,3.75805E-10
-4.43,3.75806E-10
-4.44,3.75582E-10
-4.45,3.7545E-10
-4.46,3.75225E-10
-4.47,3.75057E-10
-4.48,3.74896E-10
-4.49,3.74639E-10
-4.5,3.74482E-10
-4.51,3.74257E-10
-4.52,3.74227E-10
-4.53,3.74016E-10
-4.54,3.73823E-10
-4.55,3.73569E-10
-4.56,3.73443E-10
-4.57,3.73119E-10
-4.58,3.73104E-10
-4.59,3.72757E-10
-4.6,3.72711E-10
-4.61,3.72391E-10
-4.62,3.72365E-10
-4.63,3.72052E-10
-4.64,3.72026E-10
-4.65,3.71625E-10
-4.66,3.71676E-10
-4.67,3.71298E-10
-4.68,3.71265E-10
-4.69,3.70901E-10
-4.7,3.70887E-10
-4.71,3.70501E-10
-4.72,3.70504E-10
-4.73,3.70097E-10
-4.74,3.7005E-10
-4.75,3.69717E-10
-4.76,3.69755E-10
-4.77,3.69374E-10
-4.78,3.69372E-10
-4.79,3.6902E-10
-4.8,3.68972E-10
-4.81,3.68654E-10
-4.82,3.68685E-10
-4.83,3.68306E-10
-4.84,3.6823E-10
-4.85,3.6792E-10
-4.86,3.67812E-10
-4.87,3.67606E-10
-4.88,3.67472E-10
-4.89,3.67219E-10
-4.9,3.67149E-10
-4.91,3.66928E-10
-4.92,3.66753E-10
-4.93,3.66479E-10
-4.94,3.66346E-10
-4.95,3.66119E-10
-4.96,3.65982E-10
-4.97,3.65828E-10
-4.98,3.65603E-10
-4.99,3.65497E-10
-5,3.65274E-10
-5.01,3.6514E-10
-5.02,3.64926E-10
-5.03,3.64797E-10
-5.04,3.64575E-10
-5.05,3.64486E-10
-5.06,3.64206E-10
-5.07,3.64138E-10
-5.08,3.63892E-10
-5.09,3.63836E-10
-5.1,3.63524E-10
-5.11,3.63496E-10
-5.12,3.63154E-10
-5.13,3.63097E-10
-5.14,3.62779E-10
-5.15,3.62742E-10
-5.16,3.62429E-10
-5.17,3.62421E-10
-5.18,3.62048E-10
-5.19,3.62087E-10
-5.2,3.61798E-10
-5.21,3.61711E-10
-5.22,3.61367E-10
-5.23,3.61418E-10
-5.24,3.61034E-10
-5.25,3.60948E-10
-5.26,3.60736E-10
-5.27,3.607E-10
-5.28,3.6032E-10
-5.29,3.60292E-10
-5.3,3.59945E-10
-5.31,3.59902E-10
-5.32,3.59581E-10
-5.33,3.59656E-10
-5.34,3.59218E-10
-5.35,3.59239E-10
-5.36,3.58872E-10
-5.37,3.58884E-10
-5.38,3.58629E-10
-5.39,3.58493E-10
-5.4,3.58223E-10
-5.41,3.58169E-10
-5.42,3.57838E-10
-5.43,3.57814E-10
-5.44,3.57531E-10
-5.45,3.57371E-10
-5.46,3.57214E-10
-5.47,3.57026E-10
-5.48,3.56944E-10
-5.49,3.56749E-10
-5.5,3.56476E-10
-5.51,3.56314E-10
-5.52,3.56181E-10
-5.53,3.55943E-10
-5.54,3.55794E-10
-5.55,3.55602E-10
-5.56,3.55435E-10
-5.57,3.55272E-10
-5.58,3.55058E-10
-5.59,3.54807E-10
-5.6,3.5469E-10
-5.61,3.54515E-10
-5.62,3.54423E-10
-5.63,3.54095E-10
-5.64,3.54079E-10
-5.65,3.53809E-10
-5.66,3.53703E-10
-5.67,3.53323E-10
-5.68,3.53292E-10
-5.69,3.53069E-10
-5.7,3.5292E-10
-5.71,3.52698E-10
-5.72,3.52555E-10
-5.73,3.52234E-10
-5.74,3.52178E-10
-5.75,3.51933E-10
-5.76,3.51888E-10
-5.77,3.51539E-10
-5.78,3.51512E-10
-5.79,3.51143E-10
-5.8,3.5112E-10
-5.81,3.50764E-10
-5.82,3.50708E-10
-5.83,3.50389E-10
-5.84,3.5039E-10
-5.85,3.4994E-10
-5.86,3.49893E-10
-5.87,3.49617E-10
-5.88,3.49589E-10
-5.89,3.4925E-10
-5.9,3.49159E-10
-5.91,3.48806E-10
-5.92,3.48775E-10
-5.93,3.4837E-10
-5.94,3.48364E-10
-5.95,3.48014E-10
-5.96,3.48001E-10
-5.97,3.47655E-10
-5.98,3.47574E-10
-5.99,3.47179E-10
-6,3.471E-10
