Setup title,"C-V Sweep_Device3_W1_Dark_1k-50k-5M"
Classic test name,"C-V Sweep"
Test date,2/1/2023
Test time,16:17:01
Device ID,
Count,4
Flags,
Remarks,
Channel.UnitTyp,CMU
Channel.Unit,CMU1:MF/SC
Channel.IName,
Channel.VName,VBias
Channel.Mode,
Channel.Func,VAR1
Channel.Index,
Channel.Time,
Measurement.Primary.Locus,Double
Measurement.Primary.Scale,LINEAR
Measurement.Primary.Start,-3
Measurement.Primary.Stop,3
Measurement.Primary.Step,0.01
Measurement.Aborting.Condition,"CONTINUE AT ANY"
Measurement.PostOutput.Value,START
Measurement.PostOutput.Retention,OFF
Measurement.Secondary.ACLevel,0.03
Measurement.Secondary.FName,Freq
Measurement.Secondary.Frequency,1000,50000,5000000
Measurement.Bias.Source,0
Measurement.ImpedanceMode.Model,Cp-G
Measurement.ImpedanceMode.CName,C
Measurement.ImpedanceMode.LName,L
Measurement.ImpedanceMode.GName,G
Measurement.ImpedanceMode.RName,R
Measurement.ImpedanceMode.QName,Q
Measurement.ImpedanceMode.DName,D
Measurement.ImpedanceMode.YName,Y
Measurement.ImpedanceMode.ZName,Z
Measurement.ImpedanceMode.ThName,Theta
Measurement.ImpedanceMode.BName,B
Measurement.ImpedanceMode.XName,X
Measurement.Monitor.Unit,CMU1:MF/SC
Measurement.Monitor.RangingMode,AUTO
Measurement.Monitor.RangeBoundary,50
Measurement.Monitor.AcMonitorSymbol,
Measurement.Monitor.DcMonitorSymbol,
Measurement.Timing.Hold,0
Measurement.Timing.Delay,0
Measurement.Adc.UnitType,Cmu,Smu
Measurement.Adc.HighResolution.Mode,AUTO,AUTO
Measurement.Adc.HighResolution.Coeff,2,6
Measurement.Adc.HighSpeed.Mode,AUTO
Measurement.Adc.HighSpeed.Coeff,1
Measurement.Adc.HighResolution.AutoZero,OFF
Measurement.WaitTime.Source.Coeff,1
Measurement.WaitTime.Source.Offset,0
Measurement.WaitTime.Monitor.Coeff,1
Measurement.WaitTime.Monitor.Offset,0
Output.Graph.Enabled,true
Output.Graph.AutoScaling,false
Output.Graph.XAxis.Data,VBias
Output.Graph.XAxis.Scale,Linear
Output.Graph.XAxis.Left,-3
Output.Graph.XAxis.Right,3
Output.Graph.XAxis.RunTimeAutoScale,true
Output.Graph.YAxis.Data,C
Output.Graph.YAxis.Scale,Linear
Output.Graph.YAxis.Bottom,0
Output.Graph.YAxis.Top,1E-10
Output.Graph.YAxis.Group,
Output.Graph.YAxis.RunTimeAutoScale,true
AutoAnalysis.Interpolation,false
AutoAnalysis.Line1.Enabled,false
AutoAnalysis.Line1.Type,1
AutoAnalysis.Line1.Fix,True
AutoAnalysis.Line1.YAxis,0
AutoAnalysis.Line1.Point1.Type,0
AutoAnalysis.Line1.Point1.XY.X,
AutoAnalysis.Line1.Point1.XY.Y,
AutoAnalysis.Line1.Point1.Data.Var,
AutoAnalysis.Line1.Point1.Data.Condition,
AutoAnalysis.Line1.Point1.Data.Start,false
AutoAnalysis.Line1.Point1.Data.StartVar,
AutoAnalysis.Line1.Point1.Data.StartCondition,
AutoAnalysis.Line1.Point2.Type,0
AutoAnalysis.Line1.Point2.XY.X,
AutoAnalysis.Line1.Point2.XY.Y,
AutoAnalysis.Line1.Point2.Data.Var,
AutoAnalysis.Line1.Point2.Data.Condition,
AutoAnalysis.Line1.Point2.Data.Start,false
AutoAnalysis.Line1.Point2.Data.StartVar,
AutoAnalysis.Line1.Point2.Data.StartCondition,
AutoAnalysis.Line1.GradientExpr,0
AutoAnalysis.Line2.Enabled,false
AutoAnalysis.Line2.Type,1
AutoAnalysis.Line2.Fix,True
AutoAnalysis.Line2.YAxis,0
AutoAnalysis.Line2.Point1.Type,0
AutoAnalysis.Line2.Point1.XY.X,
AutoAnalysis.Line2.Point1.XY.Y,
AutoAnalysis.Line2.Point1.Data.Var,
AutoAnalysis.Line2.Point1.Data.Condition,
AutoAnalysis.Line2.Point1.Data.Start,false
AutoAnalysis.Line2.Point1.Data.StartVar,
AutoAnalysis.Line2.Point1.Data.StartCondition,
AutoAnalysis.Line2.Point2.Type,0
AutoAnalysis.Line2.Point2.XY.X,
AutoAnalysis.Line2.Point2.XY.Y,
AutoAnalysis.Line2.Point2.Data.Var,
AutoAnalysis.Line2.Point2.Data.Condition,
AutoAnalysis.Line2.Point2.Data.Start,false
AutoAnalysis.Line2.Point2.Data.StartVar,
AutoAnalysis.Line2.Point2.Data.StartCondition,
AutoAnalysis.Line2.GradientExpr,0
AutoAnalysis.Marker.Enabled,false
AutoAnalysis.Marker.Data.Var,
AutoAnalysis.Marker.Data.Condition,
AutoAnalysis.Marker.Data.Start,false
AutoAnalysis.Marker.Data.StartVar,
AutoAnalysis.Marker.Data.StartCondition,
VBias,C
-3,3.63668E-11
-2.99,3.65246E-11
-2.98,3.642E-11
-2.97,3.618E-11
-2.96,3.65284E-11
-2.95,3.74053E-11
-2.94,3.72949E-11
-2.93,3.77044E-11
-2.92,3.79055E-11
-2.91,3.83473E-11
-2.9,3.85117E-11
-2.89,3.90154E-11
-2.88,3.89737E-11
-2.87,3.9152E-11
-2.86,3.89769E-11
-2.85,3.96096E-11
-2.84,3.94509E-11
-2.83,3.95381E-11
-2.82,3.93765E-11
-2.81,3.98607E-11
-2.8,3.97734E-11
-2.79,3.97509E-11
-2.78,3.98351E-11
-2.77,4.01124E-11
-2.76,3.98752E-11
-2.75,4.01816E-11
-2.74,4.05329E-11
-2.73,4.06411E-11
-2.72,4.06948E-11
-2.71,4.04327E-11
-2.7,4.07012E-11
-2.69,4.13421E-11
-2.68,4.12669E-11
-2.67,4.18506E-11
-2.66,4.18266E-11
-2.65,4.25526E-11
-2.64,4.28002E-11
-2.63,4.33608E-11
-2.62,4.34241E-11
-2.61,4.34162E-11
-2.6,4.36739E-11
-2.59,4.43547E-11
-2.58,4.45884E-11
-2.57,4.5144E-11
-2.56,4.49299E-11
-2.55,4.55933E-11
-2.54,4.58561E-11
-2.53,4.58172E-11
-2.52,4.5685E-11
-2.51,4.65321E-11
-2.5,4.63174E-11
-2.49,4.67415E-11
-2.48,4.69587E-11
-2.47,4.76819E-11
-2.46,4.74134E-11
-2.45,4.80493E-11
-2.44,4.80262E-11
-2.43,4.85198E-11
-2.42,4.84471E-11
-2.41,4.9072E-11
-2.4,4.90903E-11
-2.39,4.95595E-11
-2.38,4.95254E-11
-2.37,5.02242E-11
-2.36,4.99877E-11
-2.35,5.07966E-11
-2.34,5.10084E-11
-2.33,5.09199E-11
-2.32,5.15466E-11
-2.31,5.17499E-11
-2.3,5.20304E-11
-2.29,5.23716E-11
-2.28,5.26679E-11
-2.27,5.32478E-11
-2.26,5.40946E-11
-2.25,5.47043E-11
-2.24,5.49519E-11
-2.23,5.54891E-11
-2.22,5.68637E-11
-2.21,5.72577E-11
-2.2,5.71597E-11
-2.19,5.89251E-11
-2.18,5.88818E-11
-2.17,5.90649E-11
-2.16,5.92647E-11
-2.15,6.0054E-11
-2.14,6.00154E-11
-2.13,6.05729E-11
-2.12,6.08101E-11
-2.11,6.12591E-11
-2.1,6.15756E-11
-2.09,6.19962E-11
-2.08,6.28654E-11
-2.07,6.3126E-11
-2.06,6.38757E-11
-2.05,6.44478E-11
-2.04,6.43842E-11
-2.03,6.43403E-11
-2.02,6.45047E-11
-2.01,6.45667E-11
-2,6.43359E-11
-1.99,6.40016E-11
-1.98,6.34707E-11
-1.97,6.36022E-11
-1.96,6.35627E-11
-1.95,6.33489E-11
-1.94,6.37385E-11
-1.93,6.34264E-11
-1.92,6.40256E-11
-1.91,6.41635E-11
-1.9,6.42147E-11
-1.89,6.47447E-11
-1.88,6.45929E-11
-1.87,6.49132E-11
-1.86,6.41727E-11
-1.85,6.46334E-11
-1.84,6.4056E-11
-1.83,6.41752E-11
-1.82,6.33704E-11
-1.81,6.33825E-11
-1.8,6.35472E-11
-1.79,6.32202E-11
-1.78,6.41878E-11
-1.77,6.40465E-11
-1.76,6.37875E-11
-1.75,6.44569E-11
-1.74,6.38103E-11
-1.73,6.47678E-11
-1.72,6.47741E-11
-1.71,6.44026E-11
-1.7,6.30776E-11
-1.69,6.35402E-11
-1.68,6.39624E-11
-1.67,6.40408E-11
-1.66,6.464E-11
-1.65,6.48664E-11
-1.64,6.54144E-11
-1.63,6.33777E-11
-1.62,6.39716E-11
-1.61,6.42723E-11
-1.6,6.42612E-11
-1.59,6.37768E-11
-1.58,6.44788E-11
-1.57,6.46397E-11
-1.56,6.49252E-11
-1.55,6.46593E-11
-1.54,6.33375E-11
-1.53,6.47608E-11
-1.52,6.42799E-11
-1.51,6.43614E-11
-1.5,6.37758E-11
-1.49,6.39513E-11
-1.48,6.33354E-11
-1.47,6.32525E-11
-1.46,6.3624E-11
-1.45,6.44667E-11
-1.44,6.35282E-11
-1.43,6.3477E-11
-1.42,6.33477E-11
-1.41,6.2911E-11
-1.4,6.41303E-11
-1.39,6.37015E-11
-1.38,6.42821E-11
-1.37,6.41967E-11
-1.36,6.40022E-11
-1.35,6.36427E-11
-1.34,6.4326E-11
-1.33,6.49322E-11
-1.32,6.46008E-11
-1.31,6.47368E-11
-1.3,6.32724E-11
-1.29,6.44117E-11
-1.28,6.46577E-11
-1.27,6.47646E-11
-1.26,6.44804E-11
-1.25,6.44765E-11
-1.24,6.3558E-11
-1.23,6.39106E-11
-1.22,6.39672E-11
-1.21,6.41113E-11
-1.2,6.40721E-11
-1.19,6.38037E-11
-1.18,6.34881E-11
-1.17,6.36762E-11
-1.16,6.35643E-11
-1.15,6.32184E-11
-1.14,6.36503E-11
-1.13,6.35349E-11
-1.12,6.34014E-11
-1.11,6.38903E-11
-1.1,6.32759E-11
-1.09,6.3236E-11
-1.08,6.35655E-11
-1.07,6.36117E-11
-1.06,6.40003E-11
-1.05,6.35317E-11
-1.04,6.31162E-11
-1.03,6.38375E-11
-1.02,6.40765E-11
-1.01,6.41613E-11
-1,6.38337E-11
-0.99,6.41594E-11
-0.98,6.4301E-11
-0.97,6.43912E-11
-0.96,6.46388E-11
-0.95,6.54492E-11
-0.94,6.5108E-11
-0.93,6.49265E-11
-0.92,6.55115E-11
-0.91,6.66597E-11
-0.9,6.59779E-11
-0.89,6.68086E-11
-0.88,6.76118E-11
-0.87,6.75097E-11
-0.86,6.82395E-11
-0.85,6.83824E-11
-0.84,6.88675E-11
-0.83,6.94076E-11
-0.82,6.81601E-11
-0.81,6.97086E-11
-0.8,7.03869E-11
-0.79,7.1135E-11
-0.78,7.12271E-11
-0.77,6.9904E-11
-0.76,7.07527E-11
-0.75,7.21055E-11
-0.74,7.25532E-11
-0.73,7.32214E-11
-0.72,7.22978E-11
-0.71,7.38586E-11
-0.7,7.48948E-11
-0.69,7.56581E-11
-0.68,7.54975E-11
-0.67,7.61818E-11
-0.66,7.69619E-11
-0.65,7.74409E-11
-0.64,7.80614E-11
-0.63,7.85009E-11
-0.62,7.95403E-11
-0.61,8.00475E-11
-0.6,8.06195E-11
-0.59,8.13136E-11
-0.58,8.19562E-11
-0.57,8.26768E-11
-0.56,8.29807E-11
-0.55,8.37858E-11
-0.54,8.45605E-11
-0.53,8.53036E-11
-0.52,8.58276E-11
-0.51,8.67493E-11
-0.5,8.76198E-11
-0.49,8.87886E-11
-0.48,8.93792E-11
-0.47,9.1231E-11
-0.46,9.21726E-11
-0.45,9.40193E-11
-0.44,9.52892E-11
-0.43,9.6839E-11
-0.42,9.79318E-11
-0.41,9.94234E-11
-0.4,9.99031E-11
-0.39,1.01263E-10
-0.38,1.0165E-10
-0.37,1.03269E-10
-0.36,1.04644E-10
-0.35,1.06888E-10
-0.34,1.08473E-10
-0.33,1.11256E-10
-0.32,1.12763E-10
-0.31,1.14918E-10
-0.3,1.16943E-10
-0.29,1.18125E-10
-0.28,1.1953E-10
-0.27,1.21587E-10
-0.26,1.24222E-10
-0.25,1.26979E-10
-0.24,1.3048E-10
-0.23,1.32684E-10
-0.22,1.3563E-10
-0.21,1.37812E-10
-0.2,1.40752E-10
-0.19,1.42355E-10
-0.18,1.46003E-10
-0.17,1.48161E-10
-0.16,1.53207E-10
-0.15,1.54877E-10
-0.14,1.59104E-10
-0.13,1.61328E-10
-0.12,1.65321E-10
-0.11,1.67978E-10
-0.1,1.7108E-10
-0.09,1.73117E-10
-0.08,1.75817E-10
-0.07,1.7826E-10
-0.06,1.81864E-10
-0.05,1.84252E-10
-0.04,1.86776E-10
-0.03,1.89502E-10
-0.02,1.92491E-10
-0.01,1.94794E-10
0,1.98053E-10
0.01,1.99403E-10
0.02,2.02556E-10
0.03,2.04414E-10
0.04,2.06493E-10
0.05,2.07725E-10
0.06,2.10082E-10
0.07,2.10495E-10
0.08,2.13141E-10
0.09,2.13266E-10
0.1,2.1545E-10
0.11,2.17152E-10
0.12,2.18915E-10
0.13,2.20297E-10
0.14,2.21561E-10
0.15,2.22353E-10
0.16,2.2433E-10
0.17,2.25113E-10
0.18,2.2548E-10
0.19,2.26382E-10
0.2,2.27247E-10
0.21,2.27841E-10
0.22,2.28814E-10
0.23,2.29069E-10
0.24,2.29655E-10
0.25,2.30014E-10
0.26,2.30381E-10
0.27,2.30892E-10
0.28,2.314E-10
0.29,2.32144E-10
0.3,2.32723E-10
0.31,2.33254E-10
0.32,2.34341E-10
0.33,2.34436E-10
0.34,2.35449E-10
0.35,2.36147E-10
0.36,2.37375E-10
0.37,2.3711E-10
0.38,2.38641E-10
0.39,2.38978E-10
0.4,2.38892E-10
0.41,2.40215E-10
0.42,2.39899E-10
0.43,2.40016E-10
0.44,2.40488E-10
0.45,2.40687E-10
0.46,2.40997E-10
0.47,2.41156E-10
0.48,2.41188E-10
0.49,2.40402E-10
0.5,2.41471E-10
0.51,2.4169E-10
0.52,2.41547E-10
0.53,2.42114E-10
0.54,2.41829E-10
0.55,2.41969E-10
0.56,2.42765E-10
0.57,2.42377E-10
0.58,2.42531E-10
0.59,2.42811E-10
0.6,2.43429E-10
0.61,2.43125E-10
0.62,2.43022E-10
0.63,2.43242E-10
0.64,2.43803E-10
0.65,2.44359E-10
0.66,2.44295E-10
0.67,2.44815E-10
0.68,2.45227E-10
0.69,2.44884E-10
0.7,2.45318E-10
0.71,2.45802E-10
0.72,2.45774E-10
0.73,2.46211E-10
0.74,2.4671E-10
0.75,2.46982E-10
0.76,2.46998E-10
0.77,2.46779E-10
0.78,2.46864E-10
0.79,2.46967E-10
0.8,2.47433E-10
0.81,2.472E-10
0.82,2.47221E-10
0.83,2.48012E-10
0.84,2.47905E-10
0.85,2.47674E-10
0.86,2.47924E-10
0.87,2.47512E-10
0.88,2.48127E-10
0.89,2.48398E-10
0.9,2.47964E-10
0.91,2.47969E-10
0.92,2.48404E-10
0.93,2.47826E-10
0.94,2.48182E-10
0.95,2.47732E-10
0.96,2.47792E-10
0.97,2.47654E-10
0.98,2.48161E-10
0.99,2.48006E-10
1,2.49069E-10
1.01,2.47634E-10
1.02,2.48951E-10
1.03,2.48648E-10
1.04,2.49352E-10
1.05,2.49488E-10
1.06,2.50114E-10
1.07,2.4962E-10
1.08,2.48866E-10
1.09,2.49907E-10
1.1,2.48816E-10
1.11,2.48732E-10
1.12,2.49373E-10
1.13,2.49205E-10
1.14,2.49239E-10
1.15,2.49493E-10
1.16,2.50279E-10
1.17,2.50429E-10
1.18,2.49408E-10
1.19,2.49781E-10
1.2,2.50195E-10
1.21,2.50848E-10
1.22,2.51126E-10
1.23,2.50555E-10
1.24,2.51091E-10
1.25,2.49356E-10
1.26,2.49719E-10
1.27,2.49753E-10
1.28,2.49529E-10
1.29,2.51303E-10
1.3,2.51261E-10
1.31,2.5136E-10
1.32,2.50815E-10
1.33,2.49969E-10
1.34,2.49972E-10
1.35,2.49892E-10
1.36,2.50484E-10
1.37,2.51697E-10
1.38,2.52035E-10
1.39,2.51317E-10
1.4,2.51113E-10
1.41,2.50348E-10
1.42,2.5011E-10
1.43,2.50329E-10
1.44,2.51631E-10
1.45,2.52737E-10
1.46,2.52665E-10
1.47,2.51143E-10
1.48,2.50526E-10
1.49,2.50184E-10
1.5,2.50881E-10
1.51,2.52359E-10
1.52,2.52183E-10
1.53,2.52106E-10
1.54,2.51894E-10
1.55,2.50762E-10
1.56,2.51074E-10
1.57,2.51238E-10
1.58,2.51429E-10
1.59,2.5123E-10
1.6,2.51507E-10
1.61,2.51689E-10
1.62,2.51682E-10
1.63,2.52031E-10
1.64,2.5242E-10
1.65,2.52039E-10
1.66,2.5283E-10
1.67,2.52194E-10
1.68,2.52095E-10
1.69,2.52935E-10
1.7,2.52334E-10
1.71,2.52158E-10
1.72,2.51976E-10
1.73,2.51256E-10
1.74,2.5069E-10
1.75,2.51055E-10
1.76,2.52963E-10
1.77,2.52584E-10
1.78,2.53103E-10
1.79,2.52867E-10
1.8,2.51672E-10
1.81,2.52195E-10
1.82,2.51383E-10
1.83,2.51721E-10
1.84,2.53521E-10
1.85,2.53039E-10
1.86,2.5267E-10
1.87,2.52069E-10
1.88,2.51591E-10
1.89,2.51471E-10
1.9,2.52166E-10
1.91,2.53125E-10
1.92,2.53464E-10
1.93,2.52572E-10
1.94,2.5182E-10
1.95,2.51265E-10
1.96,2.52519E-10
1.97,2.52164E-10
1.98,2.53477E-10
1.99,2.5351E-10
2,2.53494E-10
2.01,2.5248E-10
2.02,2.51841E-10
2.03,2.51708E-10
2.04,2.52596E-10
2.05,2.53947E-10
2.06,2.53234E-10
2.07,2.53528E-10
2.08,2.52255E-10
2.09,2.52242E-10
2.1,2.53145E-10
2.11,2.53599E-10
2.12,2.5332E-10
2.13,2.52941E-10
2.14,2.52668E-10
2.15,2.52178E-10
2.16,2.52726E-10
2.17,2.53286E-10
2.18,2.53635E-10
2.19,2.53085E-10
2.2,2.52652E-10
2.21,2.5193E-10
2.22,2.53372E-10
2.23,2.5274E-10
2.24,2.52731E-10
2.25,2.52906E-10
2.26,2.53078E-10
2.27,2.54249E-10
2.28,2.53589E-10
2.29,2.53928E-10
2.3,2.52583E-10
2.31,2.51807E-10
2.32,2.5227E-10
2.33,2.52952E-10
2.34,2.54425E-10
2.35,2.54162E-10
2.36,2.53756E-10
2.37,2.52405E-10
2.38,2.52624E-10
2.39,2.52516E-10
2.4,2.52661E-10
2.41,2.53625E-10
2.42,2.54586E-10
2.43,2.54299E-10
2.44,2.5364E-10
2.45,2.53336E-10
2.46,2.52329E-10
2.47,2.52477E-10
2.48,2.52901E-10
2.49,2.53187E-10
2.5,2.54456E-10
2.51,2.54224E-10
2.52,2.54615E-10
2.53,2.53681E-10
2.54,2.52499E-10
2.55,2.52442E-10
2.56,2.5248E-10
2.57,2.5355E-10
2.58,2.53631E-10
2.59,2.5455E-10
2.6,2.54318E-10
2.61,2.53189E-10
2.62,2.53475E-10
2.63,2.52658E-10
2.64,2.52356E-10
2.65,2.53338E-10
2.66,2.53589E-10
2.67,2.54203E-10
2.68,2.54014E-10
2.69,2.53723E-10
2.7,2.54021E-10
2.71,2.52929E-10
2.72,2.51928E-10
2.73,2.53514E-10
2.74,2.53573E-10
2.75,2.54044E-10
2.76,2.54553E-10
2.77,2.5467E-10
2.78,2.54371E-10
2.79,2.52945E-10
2.8,2.52646E-10
2.81,2.5304E-10
2.82,2.53617E-10
2.83,2.54657E-10
2.84,2.54582E-10
2.85,2.54035E-10
2.86,2.54163E-10
2.87,2.53152E-10
2.88,2.52816E-10
2.89,2.5371E-10
2.9,2.54431E-10
2.91,2.54508E-10
2.92,2.54619E-10
2.93,2.53674E-10
2.94,2.53204E-10
2.95,2.53651E-10
2.96,2.53246E-10
2.97,2.5351E-10
2.98,2.53481E-10
2.99,2.53238E-10
3,2.55118E-10
3,2.55971E-10
2.99,2.53979E-10
2.98,2.5326E-10
2.97,2.53148E-10
2.96,2.52602E-10
2.95,2.55037E-10
2.94,2.5436E-10
2.93,2.53903E-10
2.92,2.53292E-10
2.91,2.53098E-10
2.9,2.53489E-10
2.89,2.54867E-10
2.88,2.55161E-10
2.87,2.54146E-10
2.86,2.5318E-10
2.85,2.52592E-10
2.84,2.53756E-10
2.83,2.5372E-10
2.82,2.5501E-10
2.81,2.53416E-10
2.8,2.52613E-10
2.79,2.53721E-10
2.78,2.5329E-10
2.77,2.5472E-10
2.76,2.5494E-10
2.75,2.53124E-10
2.74,2.52841E-10
2.73,2.5286E-10
2.72,2.54164E-10
2.71,2.53972E-10
2.7,2.54472E-10
2.69,2.53942E-10
2.68,2.55212E-10
2.67,2.54614E-10
2.66,2.52996E-10
2.65,2.52807E-10
2.64,2.53671E-10
2.63,2.54866E-10
2.62,2.54244E-10
2.61,2.53948E-10
2.6,2.53094E-10
2.59,2.53771E-10
2.58,2.54145E-10
2.57,2.55088E-10
2.56,2.54016E-10
2.55,2.53373E-10
2.54,2.52489E-10
2.53,2.52267E-10
2.52,2.5423E-10
2.51,2.55287E-10
2.5,2.54309E-10
2.49,2.53131E-10
2.48,2.52707E-10
2.47,2.52818E-10
2.46,2.53904E-10
2.45,2.54456E-10
2.44,2.54062E-10
2.43,2.5338E-10
2.42,2.52381E-10
2.41,2.52293E-10
2.4,2.53841E-10
2.39,2.54228E-10
2.38,2.53758E-10
2.37,2.53776E-10
2.36,2.52279E-10
2.35,2.52158E-10
2.34,2.5343E-10
2.33,2.53595E-10
2.32,2.54786E-10
2.31,2.53855E-10
2.3,2.52338E-10
2.29,2.52251E-10
2.28,2.52753E-10
2.27,2.53418E-10
2.26,2.53722E-10
2.25,2.53625E-10
2.24,2.52608E-10
2.23,2.51919E-10
2.22,2.53255E-10
2.21,2.53726E-10
2.2,2.51888E-10
2.19,2.52649E-10
2.18,2.52523E-10
2.17,2.52504E-10
2.16,2.5236E-10
2.15,2.52406E-10
2.14,2.52479E-10
2.13,2.54071E-10
2.12,2.5285E-10
2.11,2.52923E-10
2.1,2.53731E-10
2.09,2.52719E-10
2.08,2.53084E-10
2.07,2.51891E-10
2.06,2.52809E-10
2.05,2.54058E-10
2.04,2.53738E-10
2.03,2.51963E-10
2.02,2.52202E-10
2.01,2.52515E-10
2,2.53162E-10
1.99,2.53285E-10
1.98,2.53675E-10
1.97,2.51906E-10
1.96,2.51717E-10
1.95,2.52251E-10
1.94,2.52041E-10
1.93,2.53499E-10
1.92,2.53672E-10
1.91,2.52677E-10
1.9,2.51608E-10
1.89,2.52331E-10
1.88,2.52258E-10
1.87,2.52798E-10
1.86,2.53259E-10
1.85,2.52016E-10
1.84,2.53255E-10
1.83,2.52473E-10
1.82,2.53476E-10
1.81,2.50883E-10
1.8,2.52476E-10
1.79,2.53366E-10
1.78,2.52125E-10
1.77,2.51448E-10
1.76,2.51568E-10
1.75,2.53052E-10
1.74,2.53091E-10
1.73,2.52062E-10
1.72,2.512E-10
1.71,2.5232E-10
1.7,2.53652E-10
1.69,2.52517E-10
1.68,2.50847E-10
1.67,2.5174E-10
1.66,2.52972E-10
1.65,2.53022E-10
1.64,2.5082E-10
1.63,2.50737E-10
1.62,2.527E-10
1.61,2.52962E-10
1.6,2.50272E-10
1.59,2.51012E-10
1.58,2.52424E-10
1.57,2.53061E-10
1.56,2.51493E-10
1.55,2.53322E-10
1.54,2.5183E-10
1.53,2.52388E-10
1.52,2.51692E-10
1.51,2.52341E-10
1.5,2.51463E-10
1.49,2.50152E-10
1.48,2.51528E-10
1.47,2.52249E-10
1.46,2.51244E-10
1.45,2.50368E-10
1.44,2.51828E-10
1.43,2.52588E-10
1.42,2.50598E-10
1.41,2.50043E-10
1.4,2.52063E-10
1.39,2.50992E-10
1.38,2.49461E-10
1.37,2.51127E-10
1.36,2.52289E-10
1.35,2.49879E-10
1.34,2.49661E-10
1.33,2.51657E-10
1.32,2.51684E-10
1.31,2.49241E-10
1.3,2.50595E-10
1.29,2.51348E-10
1.28,2.50725E-10
1.27,2.49536E-10
1.26,2.50545E-10
1.25,2.50968E-10
1.24,2.4955E-10
1.23,2.49829E-10
1.22,2.48731E-10
1.21,2.49352E-10
1.2,2.51242E-10
1.19,2.50122E-10
1.18,2.48628E-10
1.17,2.49317E-10
1.16,2.51067E-10
1.15,2.50105E-10
1.14,2.48331E-10
1.13,2.49619E-10
1.12,2.5115E-10
1.11,2.50016E-10
1.1,2.49142E-10
1.09,2.48846E-10
1.08,2.50603E-10
1.07,2.50146E-10
1.06,2.48103E-10
1.05,2.48743E-10
1.04,2.50399E-10
1.03,2.50495E-10
1.02,2.48238E-10
1.01,2.4776E-10
1,2.49778E-10
0.99,2.49621E-10
0.98,2.48037E-10
0.97,2.47182E-10
0.96,2.48607E-10
0.95,2.4953E-10
0.94,2.49099E-10
0.93,2.47814E-10
0.92,2.483E-10
0.91,2.4939E-10
0.9,2.48675E-10
0.89,2.47922E-10
0.88,2.47316E-10
0.87,2.47994E-10
0.86,2.48738E-10
0.85,2.4757E-10
0.84,2.47297E-10
0.83,2.46429E-10
0.82,2.47976E-10
0.81,2.48338E-10
0.8,2.46617E-10
0.79,2.47446E-10
0.78,2.47221E-10
0.77,2.47585E-10
0.76,2.46451E-10
0.75,2.47721E-10
0.74,2.46619E-10
0.73,2.4519E-10
0.72,2.46031E-10
0.71,2.45165E-10
0.7,2.46023E-10
0.69,2.44356E-10
0.68,2.43904E-10
0.67,2.45127E-10
0.66,2.46431E-10
0.65,2.44384E-10
0.64,2.44618E-10
0.63,2.44044E-10
0.62,2.44747E-10
0.61,2.45765E-10
0.6,2.44415E-10
0.59,2.43063E-10
0.58,2.43246E-10
0.57,2.44279E-10
0.56,2.44804E-10
0.55,2.42923E-10
0.54,2.4133E-10
0.53,2.43073E-10
0.52,2.4323E-10
0.51,2.42747E-10
0.5,2.42002E-10
0.49,2.40599E-10
0.48,2.40385E-10
0.47,2.41754E-10
0.46,2.42391E-10
0.45,2.40043E-10
0.44,2.39436E-10
0.43,2.39272E-10
0.42,2.39184E-10
0.41,2.39421E-10
0.4,2.39256E-10
0.39,2.37607E-10
0.38,2.36887E-10
0.37,2.37515E-10
0.36,2.38126E-10
0.35,2.37608E-10
0.34,2.3642E-10
0.33,2.34899E-10
0.32,2.34736E-10
0.31,2.3437E-10
0.3,2.34757E-10
0.29,2.32345E-10
0.28,2.33536E-10
0.27,2.31857E-10
0.26,2.32549E-10
0.25,2.31246E-10
0.24,2.29209E-10
0.23,2.28369E-10
0.22,2.28452E-10
0.21,2.28093E-10
0.2,2.28377E-10
0.19,2.2624E-10
0.18,2.24778E-10
0.17,2.22748E-10
0.16,2.23457E-10
0.15,2.23209E-10
0.14,2.2181E-10
0.13,2.1883E-10
0.12,2.18022E-10
0.11,2.16561E-10
0.1,2.1569E-10
0.09,2.15034E-10
0.08,2.12893E-10
0.07,2.10487E-10
0.06,2.08979E-10
0.05,2.07885E-10
0.04,2.06803E-10
0.03,2.04406E-10
0.02,2.00624E-10
0.01,1.99132E-10
0,1.97662E-10
-0.01,1.96542E-10
-0.02,1.92036E-10
-0.03,1.89455E-10
-0.04,1.87749E-10
-0.05,1.85745E-10
-0.06,1.81806E-10
-0.07,1.78664E-10
-0.08,1.75555E-10
-0.09,1.74942E-10
-0.1,1.70745E-10
-0.11,1.673E-10
-0.12,1.63743E-10
-0.13,1.62292E-10
-0.14,1.56969E-10
-0.15,1.56048E-10
-0.16,1.51814E-10
-0.17,1.48441E-10
-0.18,1.45338E-10
-0.19,1.45149E-10
-0.2,1.41465E-10
-0.21,1.37163E-10
-0.22,1.34001E-10
-0.23,1.33629E-10
-0.24,1.30771E-10
-0.25,1.26397E-10
-0.26,1.24018E-10
-0.27,1.23354E-10
-0.28,1.21582E-10
-0.29,1.17751E-10
-0.3,1.15528E-10
-0.31,1.14437E-10
-0.32,1.13106E-10
-0.33,1.10501E-10
-0.34,1.08507E-10
-0.35,1.06843E-10
-0.36,1.06818E-10
-0.37,1.04381E-10
-0.38,1.02219E-10
-0.39,1.00522E-10
-0.4,9.99556E-11
-0.41,9.95474E-11
-0.42,9.76172E-11
-0.43,9.52187E-11
-0.44,9.3934E-11
-0.45,9.3713E-11
-0.46,9.17591E-11
-0.47,9.0837E-11
-0.48,9.12936E-11
-0.49,9.01625E-11
-0.5,8.7937E-11
-0.51,8.62709E-11
-0.52,8.62778E-11
-0.53,8.63126E-11
-0.54,8.55281E-11
-0.55,8.35012E-11
-0.56,8.21187E-11
-0.57,8.13262E-11
-0.58,8.23141E-11
-0.59,8.15913E-11
-0.6,7.98843E-11
-0.61,7.8112E-11
-0.62,7.80338E-11
-0.63,7.81021E-11
-0.64,7.82432E-11
-0.65,7.70356E-11
-0.66,7.53429E-11
-0.67,7.46371E-11
-0.68,7.54276E-11
-0.69,7.56246E-11
-0.7,7.446E-11
-0.71,7.28195E-11
-0.72,7.18895E-11
-0.73,7.25336E-11
-0.74,7.32635E-11
-0.75,7.28878E-11
-0.76,7.065E-11
-0.77,6.97292E-11
-0.78,7.06107E-11
-0.79,7.04944E-11
-0.8,7.03129E-11
-0.81,6.88583E-11
-0.82,6.80716E-11
-0.83,6.7916E-11
-0.84,6.83116E-11
-0.85,6.87195E-11
-0.86,6.67656E-11
-0.87,6.58252E-11
-0.88,6.62363E-11
-0.89,6.72643E-11
-0.9,6.66249E-11
-0.91,6.57857E-11
-0.92,6.49101E-11
-0.93,6.55103E-11
-0.94,6.40307E-11
-0.95,6.39092E-11
-0.96,6.46637E-11
-0.97,6.53107E-11
-0.98,6.47112E-11
-0.99,6.30005E-11
-1,6.27845E-11
-1.01,6.39753E-11
-1.02,6.46195E-11
-1.03,6.402E-11
-1.04,6.25268E-11
-1.05,6.21362E-11
-1.06,6.24632E-11
-1.07,6.3791E-11
-1.08,6.35494E-11
-1.09,6.22128E-11
-1.1,6.16085E-11
-1.11,6.1593E-11
-1.12,6.21473E-11
-1.13,6.3231E-11
-1.14,6.30289E-11
-1.15,6.15266E-11
-1.16,6.06646E-11
-1.17,6.13555E-11
-1.18,6.22188E-11
-1.19,6.27042E-11
-1.2,6.23681E-11
-1.21,6.13856E-11
-1.22,6.06713E-11
-1.23,6.08768E-11
-1.24,6.11022E-11
-1.25,6.19471E-11
-1.26,6.25711E-11
-1.27,6.13565E-11
-1.28,6.09189E-11
-1.29,6.03209E-11
-1.3,6.00891E-11
-1.31,6.09498E-11
-1.32,6.14703E-11
-1.33,6.2123E-11
-1.34,6.15279E-11
-1.35,6.05717E-11
-1.36,6.02226E-11
-1.37,6.0626E-11
-1.38,6.07361E-11
-1.39,6.07566E-11
-1.4,6.17502E-11
-1.41,6.1568E-11
-1.42,6.09751E-11
-1.43,6.10213E-11
-1.44,6.11712E-11
-1.45,5.98554E-11
-1.46,6.01817E-11
-1.47,6.08433E-11
-1.48,5.98595E-11
-1.49,6.00606E-11
-1.5,6.08063E-11
-1.51,6.01726E-11
-1.52,6.06709E-11
-1.53,6.16967E-11
-1.54,6.12231E-11
-1.55,6.05881E-11
-1.56,6.07196E-11
-1.57,5.9931E-11
-1.58,5.96467E-11
-1.59,5.98798E-11
-1.6,6.03876E-11
-1.61,6.00088E-11
-1.62,6.13467E-11
-1.63,6.11481E-11
-1.64,6.02324E-11
-1.65,6.00958E-11
-1.66,5.92866E-11
-1.67,5.91585E-11
-1.68,6.02636E-11
-1.69,6.1273E-11
-1.7,6.13593E-11
-1.71,6.14798E-11
-1.72,6.02991E-11
-1.73,5.95301E-11
-1.74,5.93732E-11
-1.75,5.87265E-11
-1.76,6.00072E-11
-1.77,6.08255E-11
-1.78,6.11234E-11
-1.79,6.10011E-11
-1.8,6.00464E-11
-1.81,5.94488E-11
-1.82,5.91174E-11
-1.83,5.95237E-11
-1.84,6.04521E-11
-1.85,6.05969E-11
-1.86,6.10406E-11
-1.87,6.06956E-11
-1.88,5.98099E-11
-1.89,5.91708E-11
-1.9,5.90545E-11
-1.91,5.94349E-11
-1.92,6.0085E-11
-1.93,6.0676E-11
-1.94,6.10362E-11
-1.95,6.05087E-11
-1.96,6.00916E-11
-1.97,5.95244E-11
-1.98,5.90412E-11
-1.99,5.92967E-11
-2,6.01624E-11
-2.01,6.04872E-11
-2.02,6.03642E-11
-2.03,6.05913E-11
-2.04,5.96357E-11
-2.05,5.95089E-11
-2.06,5.95348E-11
-2.07,6.05046E-11
-2.08,6.00654E-11
-2.09,5.91942E-11
-2.1,5.83838E-11
-2.11,5.92616E-11
-2.12,5.9647E-11
-2.13,6.08989E-11
-2.14,6.08177E-11
-2.15,6.00954E-11
-2.16,5.92897E-11
-2.17,5.88173E-11
-2.18,5.88616E-11
-2.19,5.96919E-11
-2.2,6.01106E-11
-2.21,6.07753E-11
-2.22,6.04964E-11
-2.23,6.01154E-11
-2.24,5.87651E-11
-2.25,5.91101E-11
-2.26,5.88698E-11
-2.27,6.00644E-11
-2.28,6.06238E-11
-2.29,6.09252E-11
-2.3,6.02178E-11
-2.31,5.89912E-11
-2.32,5.85033E-11
-2.33,5.90924E-11
-2.34,5.98238E-11
-2.35,6.04221E-11
-2.36,6.06829E-11
-2.37,6.01015E-11
-2.38,5.92885E-11
-2.39,5.84853E-11
-2.4,5.8478E-11
-2.41,5.93039E-11
-2.42,6.04995E-11
-2.43,6.03576E-11
-2.44,6.02305E-11
-2.45,5.88862E-11
-2.46,5.84812E-11
-2.47,5.97024E-11
-2.48,5.97944E-11
-2.49,6.06187E-11
-2.5,5.98972E-11
-2.51,5.93043E-11
-2.52,5.86358E-11
-2.53,5.92192E-11
-2.54,5.96002E-11
-2.55,6.02861E-11
-2.56,6.05324E-11
-2.57,5.92746E-11
-2.58,5.89599E-11
-2.59,5.91155E-11
-2.6,5.94263E-11
-2.61,5.9469E-11
-2.62,6.04034E-11
-2.63,5.91623E-11
-2.64,5.94203E-11
-2.65,6.03446E-11
-2.66,5.94561E-11
-2.67,5.94529E-11
-2.68,5.83107E-11
-2.69,5.88287E-11
-2.7,6.04831E-11
-2.71,6.05435E-11
-2.72,5.98978E-11
-2.73,5.87139E-11
-2.74,5.89409E-11
-2.75,5.86664E-11
-2.76,6.02548E-11
-2.77,6.04053E-11
-2.78,5.97991E-11
-2.79,5.93248E-11
-2.8,5.86254E-11
-2.81,5.85713E-11
-2.82,5.98763E-11
-2.83,6.03383E-11
-2.84,5.9938E-11
-2.85,5.91914E-11
-2.86,5.83107E-11
-2.87,5.87414E-11
-2.88,6.01292E-11
-2.89,6.06535E-11
-2.9,5.98036E-11
-2.91,5.83167E-11
-2.92,5.89782E-11
-2.93,6.00919E-11
-2.94,6.00129E-11
-2.95,5.96534E-11
-2.96,5.9038E-11
-2.97,5.88426E-11
-2.98,5.98779E-11
-2.99,6.0301E-11
-3,5.92556E-11
-3,5.9218E-11
-2.99,5.96869E-11
-2.98,5.99815E-11
-2.97,6.00133E-11
-2.96,6.04109E-11
-2.95,6.07389E-11
-2.94,6.08906E-11
-2.93,6.13129E-11
-2.92,6.16658E-11
-2.91,6.20217E-11
-2.9,6.25048E-11
-2.89,6.26275E-11
-2.88,6.30157E-11
-2.87,6.31665E-11
-2.86,6.36616E-11
-2.85,6.42191E-11
-2.84,6.41764E-11
-2.83,6.46213E-11
-2.82,6.4725E-11
-2.81,6.52264E-11
-2.8,6.54052E-11
-2.79,6.56951E-11
-2.78,6.6151E-11
-2.77,6.62456E-11
-2.76,6.66645E-11
-2.75,6.6839E-11
-2.74,6.69252E-11
-2.73,6.72652E-11
-2.72,6.73152E-11
-2.71,6.78026E-11
-2.7,6.77089E-11
-2.69,6.76413E-11
-2.68,6.77073E-11
-2.67,6.77981E-11
-2.66,6.7896E-11
-2.65,6.78491E-11
-2.64,6.78635E-11
-2.63,6.82242E-11
-2.62,6.80909E-11
-2.61,6.8165E-11
-2.6,6.83728E-11
-2.59,6.80451E-11
-2.58,6.82936E-11
-2.57,6.78794E-11
-2.56,6.83025E-11
-2.55,6.82168E-11
-2.54,6.8363E-11
-2.53,6.8558E-11
-2.52,6.80401E-11
-2.51,6.84449E-11
-2.5,6.80576E-11
-2.49,6.82455E-11
-2.48,6.83531E-11
-2.47,6.8034E-11
-2.46,6.83391E-11
-2.45,6.8157E-11
-2.44,6.80972E-11
-2.43,6.8354E-11
-2.42,6.81001E-11
-2.41,6.81298E-11
-2.4,6.83141E-11
-2.39,6.8133E-11
-2.38,6.84285E-11
-2.37,6.81822E-11
-2.36,6.8213E-11
-2.35,6.83537E-11
-2.34,6.82988E-11
-2.33,6.84114E-11
-2.32,6.81234E-11
-2.31,6.83966E-11
-2.3,6.82046E-11
-2.29,6.8123E-11
-2.28,6.82436E-11
-2.27,6.81863E-11
-2.26,6.83699E-11
-2.25,6.81672E-11
-2.24,6.82637E-11
-2.23,6.82903E-11
-2.22,6.79125E-11
-2.21,6.80912E-11
-2.2,6.79985E-11
-2.19,6.82912E-11
-2.18,6.82347E-11
-2.17,6.81853E-11
-2.16,6.80054E-11
-2.15,6.81779E-11
-2.14,6.80663E-11
-2.13,6.83855E-11
-2.12,6.80214E-11
-2.11,6.83078E-11
-2.1,6.7966E-11
-2.09,6.80178E-11
-2.08,6.80985E-11
-2.07,6.78914E-11
-2.06,6.83444E-11
-2.05,6.83312E-11
-2.04,6.81153E-11
-2.03,6.82597E-11
-2.02,6.81054E-11
-2.01,6.80408E-11
-2,6.82073E-11
-1.99,6.81739E-11
-1.98,6.82626E-11
-1.97,6.82114E-11
-1.96,6.81424E-11
-1.95,6.81127E-11
-1.94,6.81955E-11
-1.93,6.83384E-11
-1.92,6.80337E-11
-1.91,6.80907E-11
-1.9,6.82104E-11
-1.89,6.81401E-11
-1.88,6.83419E-11
-1.87,6.81032E-11
-1.86,6.8102E-11
-1.85,6.81941E-11
-1.84,6.82345E-11
-1.83,6.84593E-11
-1.82,6.79294E-11
-1.81,6.81717E-11
-1.8,6.81366E-11
-1.79,6.82252E-11
-1.78,6.82236E-11
-1.77,6.80909E-11
-1.76,6.81564E-11
-1.75,6.80882E-11
-1.74,6.80601E-11
-1.73,6.83848E-11
-1.72,6.82541E-11
-1.71,6.81047E-11
-1.7,6.80334E-11
-1.69,6.81526E-11
-1.68,6.84271E-11
-1.67,6.80587E-11
-1.66,6.81827E-11
-1.65,6.80013E-11
-1.64,6.80976E-11
-1.63,6.83142E-11
-1.62,6.80859E-11
-1.61,6.83411E-11
-1.6,6.8046E-11
-1.59,6.83719E-11
-1.58,6.78152E-11
-1.57,6.79432E-11
-1.56,6.81187E-11
-1.55,6.80652E-11
-1.54,6.82034E-11
-1.53,6.78017E-11
-1.52,6.79783E-11
-1.51,6.80573E-11
-1.5,6.78766E-11
-1.49,6.80601E-11
-1.48,6.80612E-11
-1.47,6.7963E-11
-1.46,6.80966E-11
-1.45,6.7926E-11
-1.44,6.80937E-11
-1.43,6.80182E-11
-1.42,6.80074E-11
-1.41,6.79496E-11
-1.4,6.77313E-11
-1.39,6.8186E-11
-1.38,6.81148E-11
-1.37,6.78562E-11
-1.36,6.82777E-11
-1.35,6.76075E-11
-1.34,6.79606E-11
-1.33,6.77957E-11
-1.32,6.80858E-11
-1.31,6.79363E-11
-1.3,6.77086E-11
-1.29,6.78637E-11
-1.28,6.80795E-11
-1.27,6.82736E-11
-1.26,6.81218E-11
-1.25,6.79667E-11
-1.24,6.80417E-11
-1.23,6.79714E-11
-1.22,6.80063E-11
-1.21,6.79945E-11
-1.2,6.7661E-11
-1.19,6.79407E-11
-1.18,6.79321E-11
-1.17,6.79285E-11
-1.16,6.80946E-11
-1.15,6.79446E-11
-1.14,6.82076E-11
-1.13,6.78996E-11
-1.12,6.82149E-11
-1.11,6.79653E-11
-1.1,6.78202E-11
-1.09,6.79495E-11
-1.08,6.8094E-11
-1.07,6.80032E-11
-1.06,6.80727E-11
-1.05,6.80377E-11
-1.04,6.82733E-11
-1.03,6.80832E-11
-1.02,6.80637E-11
-1.01,6.80156E-11
-1,6.80142E-11
-0.99,6.81968E-11
-0.98,6.79925E-11
-0.97,6.79725E-11
-0.96,6.80958E-11
-0.95,6.8091E-11
-0.94,6.83028E-11
-0.93,6.80803E-11
-0.92,6.84098E-11
-0.91,6.84243E-11
-0.9,6.81922E-11
-0.89,6.86059E-11
-0.88,6.85729E-11
-0.87,6.85447E-11
-0.86,6.86432E-11
-0.85,6.87022E-11
-0.84,6.90809E-11
-0.83,6.90698E-11
-0.82,6.94356E-11
-0.81,6.94432E-11
-0.8,6.97427E-11
-0.79,6.97548E-11
-0.78,7.03227E-11
-0.77,7.07341E-11
-0.76,7.11462E-11
-0.75,7.12971E-11
-0.74,7.16642E-11
-0.73,7.21459E-11
-0.72,7.29943E-11
-0.71,7.3223E-11
-0.7,7.37155E-11
-0.69,7.42766E-11
-0.68,7.46108E-11
-0.67,7.54065E-11
-0.66,7.55831E-11
-0.65,7.62958E-11
-0.64,7.71433E-11
-0.63,7.72272E-11
-0.62,7.83056E-11
-0.61,7.84764E-11
-0.6,7.91527E-11
-0.59,7.98151E-11
-0.58,8.05789E-11
-0.57,8.1443E-11
-0.56,8.19523E-11
-0.55,8.29244E-11
-0.54,8.35911E-11
-0.53,8.42197E-11
-0.52,8.51795E-11
-0.51,8.5944E-11
-0.5,8.66877E-11
-0.49,8.77794E-11
-0.48,8.85326E-11
-0.47,8.96299E-11
-0.46,9.03985E-11
-0.45,9.16338E-11
-0.44,9.27782E-11
-0.43,9.3566E-11
-0.42,9.52357E-11
-0.41,9.58775E-11
-0.4,9.76053E-11
-0.39,9.89194E-11
-0.38,9.97773E-11
-0.37,1.01883E-10
-0.36,1.02801E-10
-0.35,1.04894E-10
-0.34,1.06365E-10
-0.33,1.07642E-10
-0.32,1.09999E-10
-0.31,1.11278E-10
-0.3,1.13053E-10
-0.29,1.15895E-10
-0.28,1.17542E-10
-0.27,1.19557E-10
-0.26,1.22727E-10
-0.25,1.24132E-10
-0.24,1.2731E-10
-0.23,1.29566E-10
-0.22,1.31873E-10
-0.21,1.35732E-10
-0.2,1.37481E-10
-0.19,1.41346E-10
-0.18,1.43734E-10
-0.17,1.46499E-10
-0.16,1.50192E-10
-0.15,1.5236E-10
-0.14,1.56213E-10
-0.13,1.58774E-10
-0.12,1.61861E-10
-0.11,1.65286E-10
-0.1,1.67261E-10
-0.09,1.71347E-10
-0.08,1.73451E-10
-0.07,1.76751E-10
-0.06,1.79806E-10
-0.05,1.81814E-10
-0.04,1.85286E-10
-0.03,1.87008E-10
-0.02,1.89778E-10
-0.01,1.92421E-10
0,1.9421E-10
0.01,1.97256E-10
0.02,1.98638E-10
0.03,2.0067E-10
0.04,2.02971E-10
0.05,2.04457E-10
0.06,2.06771E-10
0.07,2.07969E-10
0.08,2.09733E-10
0.09,2.1145E-10
0.1,2.12585E-10
0.11,2.14178E-10
0.12,2.15408E-10
0.13,2.16818E-10
0.14,2.17655E-10
0.15,2.18834E-10
0.16,2.2015E-10
0.17,2.20778E-10
0.18,2.22053E-10
0.19,2.22965E-10
0.2,2.23592E-10
0.21,2.24691E-10
0.22,2.25567E-10
0.23,2.264E-10
0.24,2.26933E-10
0.25,2.27505E-10
0.26,2.28463E-10
0.27,2.28979E-10
0.28,2.29532E-10
0.29,2.30357E-10
0.3,2.30521E-10
0.31,2.31468E-10
0.32,2.31714E-10
0.33,2.32342E-10
0.34,2.32827E-10
0.35,2.33264E-10
0.36,2.33938E-10
0.37,2.34148E-10
0.38,2.34326E-10
0.39,2.35065E-10
0.4,2.35229E-10
0.41,2.35412E-10
0.42,2.35933E-10
0.43,2.36409E-10
0.44,2.36617E-10
0.45,2.36958E-10
0.46,2.37441E-10
0.47,2.37393E-10
0.48,2.3796E-10
0.49,2.37987E-10
0.5,2.38367E-10
0.51,2.38512E-10
0.52,2.38696E-10
0.53,2.39192E-10
0.54,2.39376E-10
0.55,2.39521E-10
0.56,2.39726E-10
0.57,2.39986E-10
0.58,2.4011E-10
0.59,2.40366E-10
0.6,2.4059E-10
0.61,2.40692E-10
0.62,2.41082E-10
0.63,2.41189E-10
0.64,2.41309E-10
0.65,2.41633E-10
0.66,2.41639E-10
0.67,2.42165E-10
0.68,2.41982E-10
0.69,2.42038E-10
0.7,2.42285E-10
0.71,2.42321E-10
0.72,2.42284E-10
0.73,2.42558E-10
0.74,2.42738E-10
0.75,2.43001E-10
0.76,2.43014E-10
0.77,2.43181E-10
0.78,2.43161E-10
0.79,2.4341E-10
0.8,2.43633E-10
0.81,2.43476E-10
0.82,2.43737E-10
0.83,2.43888E-10
0.84,2.44021E-10
0.85,2.43961E-10
0.86,2.43989E-10
0.87,2.44399E-10
0.88,2.44341E-10
0.89,2.44554E-10
0.9,2.44579E-10
0.91,2.44679E-10
0.92,2.45007E-10
0.93,2.44633E-10
0.94,2.44845E-10
0.95,2.45013E-10
0.96,2.45069E-10
0.97,2.4507E-10
0.98,2.45103E-10
0.99,2.45502E-10
1,2.45343E-10
1.01,2.45712E-10
1.02,2.45643E-10
1.03,2.4551E-10
1.04,2.45965E-10
1.05,2.45926E-10
1.06,2.458E-10
1.07,2.45961E-10
1.08,2.46168E-10
1.09,2.45943E-10
1.1,2.46196E-10
1.11,2.46311E-10
1.12,2.46284E-10
1.13,2.46438E-10
1.14,2.4641E-10
1.15,2.46652E-10
1.16,2.46321E-10
1.17,2.46665E-10
1.18,2.4678E-10
1.19,2.46417E-10
1.2,2.46684E-10
1.21,2.46649E-10
1.22,2.46597E-10
1.23,2.46812E-10
1.24,2.47082E-10
1.25,2.46827E-10
1.26,2.47003E-10
1.27,2.47067E-10
1.28,2.47301E-10
1.29,2.47219E-10
1.3,2.4718E-10
1.31,2.47264E-10
1.32,2.47174E-10
1.33,2.47385E-10
1.34,2.47659E-10
1.35,2.47174E-10
1.36,2.47384E-10
1.37,2.47536E-10
1.38,2.47631E-10
1.39,2.4757E-10
1.4,2.47537E-10
1.41,2.47566E-10
1.42,2.47853E-10
1.43,2.47605E-10
1.44,2.47509E-10
1.45,2.47653E-10
1.46,2.47837E-10
1.47,2.48058E-10
1.48,2.47851E-10
1.49,2.47946E-10
1.5,2.47922E-10
1.51,2.47763E-10
1.52,2.4802E-10
1.53,2.48247E-10
1.54,2.47967E-10
1.55,2.48246E-10
1.56,2.48297E-10
1.57,2.48033E-10
1.58,2.48174E-10
1.59,2.48115E-10
1.6,2.48336E-10
1.61,2.48282E-10
1.62,2.48527E-10
1.63,2.48229E-10
1.64,2.48322E-10
1.65,2.48295E-10
1.66,2.48396E-10
1.67,2.48494E-10
1.68,2.48743E-10
1.69,2.48614E-10
1.7,2.48322E-10
1.71,2.4869E-10
1.72,2.48826E-10
1.73,2.48673E-10
1.74,2.48903E-10
1.75,2.48709E-10
1.76,2.48899E-10
1.77,2.48743E-10
1.78,2.48762E-10
1.79,2.48751E-10
1.8,2.48833E-10
1.81,2.4879E-10
1.82,2.48821E-10
1.83,2.48782E-10
1.84,2.48945E-10
1.85,2.48995E-10
1.86,2.48881E-10
1.87,2.48956E-10
1.88,2.48931E-10
1.89,2.49076E-10
1.9,2.48993E-10
1.91,2.48991E-10
1.92,2.49146E-10
1.93,2.49041E-10
1.94,2.49132E-10
1.95,2.49156E-10
1.96,2.49154E-10
1.97,2.49277E-10
1.98,2.49242E-10
1.99,2.49457E-10
2,2.49063E-10
2.01,2.4924E-10
2.02,2.49387E-10
2.03,2.493E-10
2.04,2.49284E-10
2.05,2.4919E-10
2.06,2.49317E-10
2.07,2.49388E-10
2.08,2.49413E-10
2.09,2.49208E-10
2.1,2.49334E-10
2.11,2.49506E-10
2.12,2.49424E-10
2.13,2.49442E-10
2.14,2.49373E-10
2.15,2.49441E-10
2.16,2.49486E-10
2.17,2.49564E-10
2.18,2.49629E-10
2.19,2.49235E-10
2.2,2.49593E-10
2.21,2.49495E-10
2.22,2.49612E-10
2.23,2.49696E-10
2.24,2.49455E-10
2.25,2.4971E-10
2.26,2.4966E-10
2.27,2.49782E-10
2.28,2.49784E-10
2.29,2.49721E-10
2.3,2.49726E-10
2.31,2.49653E-10
2.32,2.49804E-10
2.33,2.49604E-10
2.34,2.49937E-10
2.35,2.49615E-10
2.36,2.49904E-10
2.37,2.49695E-10
2.38,2.499E-10
2.39,2.49941E-10
2.4,2.4984E-10
2.41,2.5E-10
2.42,2.49889E-10
2.43,2.50068E-10
2.44,2.49974E-10
2.45,2.49803E-10
2.46,2.50003E-10
2.47,2.50155E-10
2.48,2.50108E-10
2.49,2.50029E-10
2.5,2.50066E-10
2.51,2.49822E-10
2.52,2.49814E-10
2.53,2.50046E-10
2.54,2.50013E-10
2.55,2.4979E-10
2.56,2.49914E-10
2.57,2.50113E-10
2.58,2.50196E-10
2.59,2.50161E-10
2.6,2.49965E-10
2.61,2.50209E-10
2.62,2.50073E-10
2.63,2.50077E-10
2.64,2.50293E-10
2.65,2.50177E-10
2.66,2.50366E-10
2.67,2.50046E-10
2.68,2.50211E-10
2.69,2.50155E-10
2.7,2.50232E-10
2.71,2.50222E-10
2.72,2.5034E-10
2.73,2.5011E-10
2.74,2.50224E-10
2.75,2.50264E-10
2.76,2.50473E-10
2.77,2.50359E-10
2.78,2.50269E-10
2.79,2.50203E-10
2.8,2.50248E-10
2.81,2.50333E-10
2.82,2.50304E-10
2.83,2.50383E-10
2.84,2.50395E-10
2.85,2.50329E-10
2.86,2.50285E-10
2.87,2.50436E-10
2.88,2.50258E-10
2.89,2.50459E-10
2.9,2.50175E-10
2.91,2.503E-10
2.92,2.50447E-10
2.93,2.50431E-10
2.94,2.50502E-10
2.95,2.50695E-10
2.96,2.50522E-10
2.97,2.50502E-10
2.98,2.5061E-10
2.99,2.50422E-10
3,2.50303E-10
3,2.50594E-10
2.99,2.50462E-10
2.98,2.50481E-10
2.97,2.50455E-10
2.96,2.50523E-10
2.95,2.50422E-10
2.94,2.50643E-10
2.93,2.50558E-10
2.92,2.50442E-10
2.91,2.5047E-10
2.9,2.50417E-10
2.89,2.50232E-10
2.88,2.50233E-10
2.87,2.50489E-10
2.86,2.50332E-10
2.85,2.5039E-10
2.84,2.50369E-10
2.83,2.50215E-10
2.82,2.5063E-10
2.81,2.50259E-10
2.8,2.50415E-10
2.79,2.50348E-10
2.78,2.50208E-10
2.77,2.50204E-10
2.76,2.50311E-10
2.75,2.50219E-10
2.74,2.50252E-10
2.73,2.50085E-10
2.72,2.50236E-10
2.71,2.50182E-10
2.7,2.50193E-10
2.69,2.50221E-10
2.68,2.50295E-10
2.67,2.50055E-10
2.66,2.50112E-10
2.65,2.50063E-10
2.64,2.50408E-10
2.63,2.50134E-10
2.62,2.50013E-10
2.61,2.50276E-10
2.6,2.5033E-10
2.59,2.50023E-10
2.58,2.49899E-10
2.57,2.50172E-10
2.56,2.50342E-10
2.55,2.49973E-10
2.54,2.50117E-10
2.53,2.49882E-10
2.52,2.50219E-10
2.51,2.50155E-10
2.5,2.49952E-10
2.49,2.49933E-10
2.48,2.49939E-10
2.47,2.50051E-10
2.46,2.49857E-10
2.45,2.49941E-10
2.44,2.49843E-10
2.43,2.5006E-10
2.42,2.49975E-10
2.41,2.49806E-10
2.4,2.50051E-10
2.39,2.49818E-10
2.38,2.49645E-10
2.37,2.49988E-10
2.36,2.49837E-10
2.35,2.49778E-10
2.34,2.50055E-10
2.33,2.49615E-10
2.32,2.49697E-10
2.31,2.49999E-10
2.3,2.49867E-10
2.29,2.49885E-10
2.28,2.49581E-10
2.27,2.49475E-10
2.26,2.49568E-10
2.25,2.49796E-10
2.24,2.49612E-10
2.23,2.49728E-10
2.22,2.4955E-10
2.21,2.49621E-10
2.2,2.497E-10
2.19,2.49648E-10
2.18,2.4969E-10
2.17,2.49496E-10
2.16,2.49503E-10
2.15,2.49323E-10
2.14,2.49413E-10
2.13,2.49549E-10
2.12,2.49371E-10
2.11,2.49443E-10
2.1,2.49415E-10
2.09,2.49477E-10
2.08,2.494E-10
2.07,2.49577E-10
2.06,2.49364E-10
2.05,2.49221E-10
2.04,2.4957E-10
2.03,2.49257E-10
2.02,2.49325E-10
2.01,2.49253E-10
2,2.49343E-10
1.99,2.49353E-10
1.98,2.49444E-10
1.97,2.49134E-10
1.96,2.49203E-10
1.95,2.48969E-10
1.94,2.49214E-10
1.93,2.49056E-10
1.92,2.49096E-10
1.91,2.49319E-10
1.9,2.48974E-10
1.89,2.49125E-10
1.88,2.48998E-10
1.87,2.49074E-10
1.86,2.49181E-10
1.85,2.49066E-10
1.84,2.4876E-10
1.83,2.4892E-10
1.82,2.49E-10
1.81,2.48724E-10
1.8,2.4886E-10
1.79,2.48808E-10
1.78,2.48778E-10
1.77,2.48799E-10
1.76,2.48663E-10
1.75,2.486E-10
1.74,2.48691E-10
1.73,2.48514E-10
1.72,2.4873E-10
1.71,2.48417E-10
1.7,2.48405E-10
1.69,2.48565E-10
1.68,2.48518E-10
1.67,2.48454E-10
1.66,2.48541E-10
1.65,2.4854E-10
1.64,2.48529E-10
1.63,2.48448E-10
1.62,2.48433E-10
1.61,2.48104E-10
1.6,2.48445E-10
1.59,2.48297E-10
1.58,2.48261E-10
1.57,2.48189E-10
1.56,2.48365E-10
1.55,2.48157E-10
1.54,2.48164E-10
1.53,2.48193E-10
1.52,2.48101E-10
1.51,2.48143E-10
1.5,2.4802E-10
1.49,2.47819E-10
1.48,2.48018E-10
1.47,2.47952E-10
1.46,2.47562E-10
1.45,2.47861E-10
1.44,2.47819E-10
1.43,2.47831E-10
1.42,2.47817E-10
1.41,2.4757E-10
1.4,2.47611E-10
1.39,2.47689E-10
1.38,2.47671E-10
1.37,2.47308E-10
1.36,2.47497E-10
1.35,2.47309E-10
1.34,2.47727E-10
1.33,2.47285E-10
1.32,2.47344E-10
1.31,2.47187E-10
1.3,2.47115E-10
1.29,2.47239E-10
1.28,2.47229E-10
1.27,2.46951E-10
1.26,2.47021E-10
1.25,2.47114E-10
1.24,2.46975E-10
1.23,2.46934E-10
1.22,2.46955E-10
1.21,2.46965E-10
1.2,2.46618E-10
1.19,2.46758E-10
1.18,2.46929E-10
1.17,2.46509E-10
1.16,2.46481E-10
1.15,2.46597E-10
1.14,2.46564E-10
1.13,2.46282E-10
1.12,2.46416E-10
1.11,2.46199E-10
1.1,2.46183E-10
1.09,2.46308E-10
1.08,2.46188E-10
1.07,2.45974E-10
1.06,2.46049E-10
1.05,2.45823E-10
1.04,2.45774E-10
1.03,2.45643E-10
1.02,2.45838E-10
1.01,2.45735E-10
1,2.45423E-10
0.99,2.4553E-10
0.98,2.45489E-10
0.97,2.45634E-10
0.96,2.45284E-10
0.95,2.451E-10
0.94,2.44995E-10
0.93,2.44945E-10
0.92,2.44778E-10
0.91,2.44546E-10
0.9,2.4485E-10
0.89,2.44623E-10
0.88,2.44355E-10
0.87,2.44519E-10
0.86,2.44456E-10
0.85,2.44071E-10
0.84,2.44208E-10
0.83,2.44239E-10
0.82,2.44001E-10
0.81,2.43794E-10
0.8,2.43587E-10
0.79,2.43468E-10
0.78,2.4341E-10
0.77,2.43292E-10
0.76,2.43338E-10
0.75,2.43078E-10
0.74,2.43073E-10
0.73,2.42886E-10
0.72,2.42764E-10
0.71,2.42484E-10
0.7,2.42228E-10
0.69,2.42209E-10
0.68,2.42129E-10
0.67,2.41751E-10
0.66,2.41642E-10
0.65,2.41763E-10
0.64,2.4155E-10
0.63,2.41213E-10
0.62,2.41043E-10
0.61,2.41231E-10
0.6,2.40897E-10
0.59,2.40659E-10
0.58,2.40305E-10
0.57,2.39966E-10
0.56,2.40047E-10
0.55,2.39674E-10
0.54,2.39799E-10
0.53,2.39305E-10
0.52,2.39289E-10
0.51,2.38798E-10
0.5,2.38464E-10
0.49,2.38486E-10
0.48,2.37887E-10
0.47,2.37728E-10
0.46,2.37462E-10
0.45,2.37182E-10
0.44,2.36807E-10
0.43,2.36542E-10
0.42,2.36336E-10
0.41,2.3598E-10
0.4,2.35509E-10
0.39,2.3538E-10
0.38,2.34746E-10
0.37,2.34647E-10
0.36,2.33923E-10
0.35,2.33557E-10
0.34,2.3311E-10
0.33,2.3267E-10
0.32,2.32123E-10
0.31,2.31594E-10
0.3,2.30876E-10
0.29,2.30545E-10
0.28,2.3007E-10
0.27,2.29412E-10
0.26,2.28839E-10
0.25,2.2798E-10
0.24,2.27459E-10
0.23,2.26688E-10
0.22,2.25978E-10
0.21,2.25104E-10
0.2,2.24245E-10
0.19,2.23823E-10
0.18,2.22468E-10
0.17,2.21563E-10
0.16,2.20586E-10
0.15,2.19642E-10
0.14,2.18636E-10
0.13,2.16925E-10
0.12,2.16007E-10
0.11,2.1463E-10
0.1,2.13421E-10
0.09,2.11983E-10
0.08,2.10098E-10
0.07,2.09099E-10
0.06,2.07205E-10
0.05,2.053E-10
0.04,2.03678E-10
0.03,2.01384E-10
0.02,2.00155E-10
0.01,1.97298E-10
0,1.95287E-10
-0.01,1.93303E-10
-0.02,1.90387E-10
-0.03,1.88835E-10
-0.04,1.85569E-10
-0.05,1.82771E-10
-0.06,1.80895E-10
-0.07,1.77179E-10
-0.08,1.75413E-10
-0.09,1.71716E-10
-0.1,1.68815E-10
-0.11,1.66463E-10
-0.12,1.62296E-10
-0.13,1.60225E-10
-0.14,1.56274E-10
-0.15,1.5397E-10
-0.16,1.50858E-10
-0.17,1.46994E-10
-0.18,1.45333E-10
-0.19,1.41114E-10
-0.2,1.391E-10
-0.21,1.36026E-10
-0.22,1.32223E-10
-0.23,1.30598E-10
-0.24,1.26989E-10
-0.25,1.25195E-10
-0.26,1.22834E-10
-0.27,1.19875E-10
-0.28,1.18692E-10
-0.29,1.15437E-10
-0.3,1.13984E-10
-0.31,1.1227E-10
-0.32,1.10119E-10
-0.33,1.08871E-10
-0.34,1.06171E-10
-0.35,1.05356E-10
-0.36,1.03556E-10
-0.37,1.016E-10
-0.38,1.00571E-10
-0.39,9.89026E-11
-0.4,9.78941E-11
-0.41,9.62876E-11
-0.42,9.49917E-11
-0.43,9.36841E-11
-0.44,9.29478E-11
-0.45,9.14302E-11
-0.46,9.06906E-11
-0.47,8.96149E-11
-0.48,8.86369E-11
-0.49,8.80921E-11
-0.5,8.66717E-11
-0.51,8.63006E-11
-0.52,8.48225E-11
-0.53,8.43974E-11
-0.54,8.37757E-11
-0.55,8.27655E-11
-0.56,8.20705E-11
-0.57,8.13966E-11
-0.58,8.07828E-11
-0.59,8.01473E-11
-0.6,7.92698E-11
-0.61,7.8814E-11
-0.62,7.81998E-11
-0.63,7.73826E-11
-0.64,7.71132E-11
-0.65,7.62805E-11
-0.66,7.59214E-11
-0.67,7.53475E-11
-0.68,7.4479E-11
-0.69,7.39653E-11
-0.7,7.34798E-11
-0.71,7.32315E-11
-0.72,7.26986E-11
-0.73,7.21402E-11
-0.74,7.16802E-11
-0.75,7.11388E-11
-0.76,7.09199E-11
-0.77,7.01137E-11
-0.78,6.98732E-11
-0.79,6.96316E-11
-0.8,6.90124E-11
-0.81,6.86789E-11
-0.82,6.82499E-11
-0.83,6.79296E-11
-0.84,6.75952E-11
-0.85,6.70384E-11
-0.86,6.67549E-11
-0.87,6.64393E-11
-0.88,6.5965E-11
-0.89,6.56889E-11
-0.9,6.53164E-11
-0.91,6.53257E-11
-0.92,6.47109E-11
-0.93,6.45813E-11
-0.94,6.41784E-11
-0.95,6.36893E-11
-0.96,6.3398E-11
-0.97,6.29993E-11
-0.98,6.28561E-11
-0.99,6.28258E-11
-1,6.21232E-11
-1.01,6.22396E-11
-1.02,6.17011E-11
-1.03,6.12314E-11
-1.04,6.11291E-11
-1.05,6.0808E-11
-1.06,6.05615E-11
-1.07,6.01522E-11
-1.08,6.00858E-11
-1.09,5.98371E-11
-1.1,5.94076E-11
-1.11,5.92714E-11
-1.12,5.89553E-11
-1.13,5.88512E-11
-1.14,5.8467E-11
-1.15,5.83017E-11
-1.16,5.80677E-11
-1.17,5.77294E-11
-1.18,5.75161E-11
-1.19,5.75358E-11
-1.2,5.72731E-11
-1.21,5.70254E-11
-1.22,5.65451E-11
-1.23,5.65408E-11
-1.24,5.6098E-11
-1.25,5.58328E-11
-1.26,5.58138E-11
-1.27,5.55548E-11
-1.28,5.5348E-11
-1.29,5.51804E-11
-1.3,5.49303E-11
-1.31,5.48194E-11
-1.32,5.45335E-11
-1.33,5.4414E-11
-1.34,5.43207E-11
-1.35,5.39948E-11
-1.36,5.3916E-11
-1.37,5.36509E-11
-1.38,5.36952E-11
-1.39,5.33668E-11
-1.4,5.29617E-11
-1.41,5.28357E-11
-1.42,5.29379E-11
-1.43,5.26847E-11
-1.44,5.27458E-11
-1.45,5.20872E-11
-1.46,5.22353E-11
-1.47,5.20089E-11
-1.48,5.20138E-11
-1.49,5.17799E-11
-1.5,5.15532E-11
-1.51,5.13311E-11
-1.52,5.11164E-11
-1.53,5.09468E-11
-1.54,5.08571E-11
-1.55,5.06731E-11
-1.56,5.06606E-11
-1.57,5.01391E-11
-1.58,5.02201E-11
-1.59,5.01232E-11
-1.6,5.00986E-11
-1.61,5.00243E-11
-1.62,4.96839E-11
-1.63,4.95155E-11
-1.64,4.95216E-11
-1.65,4.93308E-11
-1.66,4.91245E-11
-1.67,4.89164E-11
-1.68,4.87927E-11
-1.69,4.88403E-11
-1.7,4.84479E-11
-1.71,4.83589E-11
-1.72,4.83351E-11
-1.73,4.80109E-11
-1.74,4.80345E-11
-1.75,4.79956E-11
-1.76,4.79289E-11
-1.77,4.77467E-11
-1.78,4.75963E-11
-1.79,4.76313E-11
-1.8,4.71055E-11
-1.81,4.71867E-11
-1.82,4.71081E-11
-1.83,4.68995E-11
-1.84,4.71278E-11
-1.85,4.67767E-11
-1.86,4.67268E-11
-1.87,4.65935E-11
-1.88,4.63676E-11
-1.89,4.63637E-11
-1.9,4.61938E-11
-1.91,4.60434E-11
-1.92,4.60064E-11
-1.93,4.57129E-11
-1.94,4.57454E-11
-1.95,4.55952E-11
-1.96,4.55953E-11
-1.97,4.54188E-11
-1.98,4.53473E-11
-1.99,4.53989E-11
-2,4.4711E-11
-2.01,4.49435E-11
-2.02,4.47459E-11
-2.03,4.51377E-11
-2.04,4.46159E-11
-2.05,4.46071E-11
-2.06,4.45814E-11
-2.07,4.43823E-11
-2.08,4.42457E-11
-2.09,4.41033E-11
-2.1,4.40398E-11
-2.11,4.40644E-11
-2.12,4.37683E-11
-2.13,4.37569E-11
-2.14,4.37286E-11
-2.15,4.37285E-11
-2.16,4.34331E-11
-2.17,4.34149E-11
-2.18,4.33836E-11
-2.19,4.33998E-11
-2.2,4.30501E-11
-2.21,4.30981E-11
-2.22,4.27404E-11
-2.23,4.28817E-11
-2.24,4.29701E-11
-2.25,4.26474E-11
-2.26,4.25975E-11
-2.27,4.23929E-11
-2.28,4.2268E-11
-2.29,4.22923E-11
-2.3,4.19846E-11
-2.31,4.22077E-11
-2.32,4.20391E-11
-2.33,4.2054E-11
-2.34,4.20289E-11
-2.35,4.19252E-11
-2.36,4.17541E-11
-2.37,4.15881E-11
-2.38,4.16442E-11
-2.39,4.12815E-11
-2.4,4.14401E-11
-2.41,4.15278E-11
-2.42,4.11921E-11
-2.43,4.12181E-11
-2.44,4.11508E-11
-2.45,4.12803E-11
-2.46,4.1065E-11
-2.47,4.11736E-11
-2.48,4.07671E-11
-2.49,4.05867E-11
-2.5,4.06624E-11
-2.51,4.05376E-11
-2.52,4.03406E-11
-2.53,4.04446E-11
-2.54,4.01271E-11
-2.55,4.03053E-11
-2.56,4.01445E-11
-2.57,4.01254E-11
-2.58,3.98597E-11
-2.59,4.00073E-11
-2.6,3.99293E-11
-2.61,4.00097E-11
-2.62,3.97132E-11
-2.63,3.97095E-11
-2.64,3.98054E-11
-2.65,3.95567E-11
-2.66,3.94247E-11
-2.67,3.93961E-11
-2.68,3.92579E-11
-2.69,3.92561E-11
-2.7,3.92423E-11
-2.71,3.89474E-11
-2.72,3.89421E-11
-2.73,3.92015E-11
-2.74,3.89091E-11
-2.75,3.90005E-11
-2.76,3.86723E-11
-2.77,3.8802E-11
-2.78,3.87727E-11
-2.79,3.85631E-11
-2.8,3.85932E-11
-2.81,3.83889E-11
-2.82,3.84005E-11
-2.83,3.85264E-11
-2.84,3.83863E-11
-2.85,3.82975E-11
-2.86,3.82051E-11
-2.87,3.81956E-11
-2.88,3.81257E-11
-2.89,3.80109E-11
-2.9,3.80312E-11
-2.91,3.78227E-11
-2.92,3.80786E-11
-2.93,3.78282E-11
-2.94,3.76843E-11
-2.95,3.76986E-11
-2.96,3.7575E-11
-2.97,3.75262E-11
-2.98,3.74498E-11
-2.99,3.73289E-11
-3,3.72403E-11
-3,9.47807E-11
-2.99,9.51908E-11
-2.98,9.54617E-11
-2.97,9.57854E-11
-2.96,9.61621E-11
-2.95,9.64619E-11
-2.94,9.68587E-11
-2.93,9.71095E-11
-2.92,9.7548E-11
-2.91,9.7777E-11
-2.9,9.82278E-11
-2.89,9.84625E-11
-2.88,9.8968E-11
-2.87,9.923E-11
-2.86,9.96979E-11
-2.85,9.99158E-11
-2.84,1.00475E-10
-2.83,1.00641E-10
-2.82,1.01209E-10
-2.81,1.01427E-10
-2.8,1.01987E-10
-2.79,1.02229E-10
-2.78,1.02721E-10
-2.77,1.03037E-10
-2.76,1.03591E-10
-2.75,1.03908E-10
-2.74,1.04376E-10
-2.73,1.04804E-10
-2.72,1.05192E-10
-2.71,1.05663E-10
-2.7,1.06017E-10
-2.69,1.06561E-10
-2.68,1.0687E-10
-2.67,1.0748E-10
-2.66,1.07758E-10
-2.65,1.08316E-10
-2.64,1.08781E-10
-2.63,1.09261E-10
-2.62,1.0976E-10
-2.61,1.10255E-10
-2.6,1.10661E-10
-2.59,1.11314E-10
-2.58,1.11699E-10
-2.57,1.1238E-10
-2.56,1.12715E-10
-2.55,1.13505E-10
-2.54,1.13801E-10
-2.53,1.14571E-10
-2.52,1.14876E-10
-2.51,1.15692E-10
-2.5,1.16015E-10
-2.49,1.16725E-10
-2.48,1.17212E-10
-2.47,1.17866E-10
-2.46,1.18489E-10
-2.45,1.18987E-10
-2.44,1.19751E-10
-2.43,1.20215E-10
-2.42,1.21037E-10
-2.41,1.2144E-10
-2.4,1.22385E-10
-2.39,1.22715E-10
-2.38,1.23728E-10
-2.37,1.24037E-10
-2.36,1.25055E-10
-2.35,1.2557E-10
-2.34,1.26475E-10
-2.33,1.2706E-10
-2.32,1.27907E-10
-2.31,1.28649E-10
-2.3,1.29335E-10
-2.29,1.30258E-10
-2.28,1.30893E-10
-2.27,1.31912E-10
-2.26,1.32452E-10
-2.25,1.33638E-10
-2.24,1.34091E-10
-2.23,1.3539E-10
-2.22,1.35822E-10
-2.21,1.37172E-10
-2.2,1.37686E-10
-2.19,1.38965E-10
-2.18,1.39556E-10
-2.17,1.40832E-10
-2.16,1.41583E-10
-2.15,1.42711E-10
-2.14,1.43728E-10
-2.13,1.44811E-10
-2.12,1.45827E-10
-2.11,1.46707E-10
-2.1,1.47988E-10
-2.09,1.4867E-10
-2.08,1.50042E-10
-2.07,1.50645E-10
-2.06,1.52176E-10
-2.05,1.52617E-10
-2.04,1.54026E-10
-2.03,1.54336E-10
-2.02,1.55776E-10
-2.01,1.55977E-10
-2,1.57253E-10
-1.99,1.57383E-10
-1.98,1.58352E-10
-1.97,1.58568E-10
-1.96,1.59174E-10
-1.95,1.59389E-10
-1.94,1.59812E-10
-1.93,1.60237E-10
-1.92,1.60372E-10
-1.91,1.60899E-10
-1.9,1.60597E-10
-1.89,1.6116E-10
-1.88,1.60828E-10
-1.87,1.61442E-10
-1.86,1.6093E-10
-1.85,1.61438E-10
-1.84,1.60985E-10
-1.83,1.61733E-10
-1.82,1.60936E-10
-1.81,1.61701E-10
-1.8,1.61082E-10
-1.79,1.61705E-10
-1.78,1.61412E-10
-1.77,1.61639E-10
-1.76,1.61444E-10
-1.75,1.61522E-10
-1.74,1.61624E-10
-1.73,1.61418E-10
-1.72,1.61574E-10
-1.71,1.61323E-10
-1.7,1.61848E-10
-1.69,1.61309E-10
-1.68,1.61964E-10
-1.67,1.61178E-10
-1.66,1.61914E-10
-1.65,1.61183E-10
-1.64,1.6186E-10
-1.63,1.61378E-10
-1.62,1.61672E-10
-1.61,1.61389E-10
-1.6,1.61547E-10
-1.59,1.61532E-10
-1.58,1.61424E-10
-1.57,1.61528E-10
-1.56,1.61307E-10
-1.55,1.61697E-10
-1.54,1.61274E-10
-1.53,1.61864E-10
-1.52,1.61086E-10
-1.51,1.61735E-10
-1.5,1.61084E-10
-1.49,1.61874E-10
-1.48,1.6135E-10
-1.47,1.61652E-10
-1.46,1.61256E-10
-1.45,1.61536E-10
-1.44,1.61405E-10
-1.43,1.61316E-10
-1.42,1.61337E-10
-1.41,1.61199E-10
-1.4,1.61511E-10
-1.39,1.61133E-10
-1.38,1.61702E-10
-1.37,1.6098E-10
-1.36,1.61581E-10
-1.35,1.60915E-10
-1.34,1.6162E-10
-1.33,1.61054E-10
-1.32,1.61451E-10
-1.31,1.61032E-10
-1.3,1.61348E-10
-1.29,1.61252E-10
-1.28,1.6133E-10
-1.27,1.61278E-10
-1.26,1.6117E-10
-1.25,1.61436E-10
-1.24,1.61025E-10
-1.23,1.61566E-10
-1.22,1.60895E-10
-1.21,1.61528E-10
-1.2,1.60842E-10
-1.19,1.61539E-10
-1.18,1.60933E-10
-1.17,1.61355E-10
-1.16,1.60861E-10
-1.15,1.61329E-10
-1.14,1.60941E-10
-1.13,1.61252E-10
-1.12,1.60794E-10
-1.11,1.61136E-10
-1.1,1.61046E-10
-1.09,1.61042E-10
-1.08,1.61017E-10
-1.07,1.61002E-10
-1.06,1.61415E-10
-1.05,1.61075E-10
-1.04,1.61353E-10
-1.03,1.61047E-10
-1.02,1.61602E-10
-1.01,1.61094E-10
-1,1.61816E-10
-0.99,1.61064E-10
-0.98,1.61807E-10
-0.97,1.61246E-10
-0.96,1.61892E-10
-0.95,1.61646E-10
-0.94,1.61981E-10
-0.93,1.6191E-10
-0.92,1.62112E-10
-0.91,1.62415E-10
-0.9,1.62288E-10
-0.89,1.62692E-10
-0.88,1.62619E-10
-0.87,1.63327E-10
-0.86,1.63116E-10
-0.85,1.64283E-10
-0.84,1.63929E-10
-0.83,1.65124E-10
-0.82,1.65081E-10
-0.81,1.66255E-10
-0.8,1.6672E-10
-0.79,1.67842E-10
-0.78,1.68632E-10
-0.77,1.69848E-10
-0.76,1.71221E-10
-0.75,1.72218E-10
-0.74,1.74056E-10
-0.73,1.75064E-10
-0.72,1.77264E-10
-0.71,1.78156E-10
-0.7,1.80708E-10
-0.69,1.8154E-10
-0.68,1.84251E-10
-0.67,1.8519E-10
-0.66,1.87805E-10
-0.65,1.89312E-10
-0.64,1.91979E-10
-0.63,1.93721E-10
-0.62,1.95999E-10
-0.61,1.98451E-10
-0.6,2.00284E-10
-0.59,2.0327E-10
-0.58,2.04999E-10
-0.57,2.08548E-10
-0.56,2.10062E-10
-0.55,2.1409E-10
-0.54,2.15573E-10
-0.53,2.19941E-10
-0.52,2.21585E-10
-0.51,2.26074E-10
-0.5,2.28321E-10
-0.49,2.32686E-10
-0.48,2.35421E-10
-0.47,2.39549E-10
-0.46,2.43474E-10
-0.45,2.46826E-10
-0.44,2.5188E-10
-0.43,2.55141E-10
-0.42,2.61525E-10
-0.41,2.64465E-10
-0.4,2.71609E-10
-0.39,2.74515E-10
-0.38,2.82332E-10
-0.37,2.85462E-10
-0.36,2.9302E-10
-0.35,2.98659E-10
-0.34,3.05133E-10
-0.33,3.11524E-10
-0.32,3.19487E-10
-0.31,3.25203E-10
-0.3,3.34736E-10
-0.29,3.40435E-10
-0.28,3.50772E-10
-0.27,3.5596E-10
-0.26,3.67662E-10
-0.25,3.72641E-10
-0.24,3.84654E-10
-0.23,3.89178E-10
-0.22,4.00257E-10
-0.21,4.05792E-10
-0.2,4.1465E-10
-0.19,4.19012E-10
-0.18,4.23936E-10
-0.17,4.26586E-10
-0.16,4.26942E-10
-0.15,4.25106E-10
-0.14,4.21001E-10
-0.13,4.11411E-10
-0.12,4.03591E-10
-0.11,3.83598E-10
-0.1,3.72549E-10
-0.09,3.4209E-10
-0.08,3.26985E-10
-0.07,2.89381E-10
-0.06,2.68643E-10
-0.05,2.27635E-10
-0.04,2.02724E-10
-0.03,1.64646E-10
-0.02,1.32312E-10
-0.01,9.89142E-11
0,6.6764E-11
0.01,3.97844E-11
0.02,5.00591E-12
0.03,-1.50657E-11
0.04,-4.98437E-11
0.05,-6.56863E-11
0.06,-9.65887E-11
0.07,-1.10085E-10
0.08,-1.36442E-10
0.09,-1.48985E-10
0.1,-1.7028E-10
0.11,-1.81482E-10
0.12,-1.98086E-10
0.13,-2.10345E-10
0.14,-2.23209E-10
0.15,-2.34117E-10
0.16,-2.43104E-10
0.17,-2.54211E-10
0.18,-2.60687E-10
0.19,-2.71522E-10
0.2,-2.76843E-10
0.21,-2.8586E-10
0.22,-2.90619E-10
0.23,-2.9907E-10
0.24,-3.02811E-10
0.25,-3.09808E-10
0.26,-3.13245E-10
0.27,-3.19043E-10
0.28,-3.22483E-10
0.29,-3.27074E-10
0.3,-3.30802E-10
0.31,-3.34125E-10
0.32,-3.38205E-10
0.33,-3.40557E-10
0.34,-3.44648E-10
0.35,-3.46412E-10
0.36,-3.49793E-10
0.37,-3.51591E-10
0.38,-3.54838E-10
0.39,-3.56589E-10
0.4,-3.59182E-10
0.41,-3.60965E-10
0.42,-3.63133E-10
0.43,-3.6513E-10
0.44,-3.67146E-10
0.45,-3.6874E-10
0.46,-3.70271E-10
0.47,-3.72089E-10
0.48,-3.73401E-10
0.49,-3.75174E-10
0.5,-3.7595E-10
0.51,-3.77636E-10
0.52,-3.78912E-10
0.53,-3.8026E-10
0.54,-3.81288E-10
0.55,-3.82706E-10
0.56,-3.83657E-10
0.57,-3.84796E-10
0.58,-3.85673E-10
0.59,-3.86882E-10
0.6,-3.87959E-10
0.61,-3.88595E-10
0.62,-3.89571E-10
0.63,-3.90199E-10
0.64,-3.91215E-10
0.65,-3.92015E-10
0.66,-3.92838E-10
0.67,-3.93412E-10
0.68,-3.9432E-10
0.69,-3.94867E-10
0.7,-3.95812E-10
0.71,-3.96265E-10
0.72,-3.9715E-10
0.73,-3.97655E-10
0.74,-3.98033E-10
0.75,-3.9868E-10
0.76,-3.99274E-10
0.77,-3.99898E-10
0.78,-4.00269E-10
0.79,-4.01288E-10
0.8,-4.01587E-10
0.81,-4.02077E-10
0.82,-4.02332E-10
0.83,-4.02984E-10
0.84,-4.03412E-10
0.85,-4.03947E-10
0.86,-4.04074E-10
0.87,-4.04816E-10
0.88,-4.05044E-10
0.89,-4.05756E-10
0.9,-4.06041E-10
0.91,-4.06374E-10
0.92,-4.06673E-10
0.93,-4.07125E-10
0.94,-4.0761E-10
0.95,-4.0783E-10
0.96,-4.08377E-10
0.97,-4.0797E-10
0.98,-4.09027E-10
0.99,-4.0915E-10
1,-4.09562E-10
1.01,-4.09672E-10
1.02,-4.10064E-10
1.03,-4.10285E-10
1.04,-4.10857E-10
1.05,-4.1087E-10
1.06,-4.11178E-10
1.07,-4.11279E-10
1.08,-4.11752E-10
1.09,-4.11857E-10
1.1,-4.12024E-10
1.11,-4.12677E-10
1.12,-4.12593E-10
1.13,-4.13088E-10
1.14,-4.13233E-10
1.15,-4.13471E-10
1.16,-4.13647E-10
1.17,-4.14004E-10
1.18,-4.14053E-10
1.19,-4.14427E-10
1.2,-4.14457E-10
1.21,-4.14698E-10
1.22,-4.14927E-10
1.23,-4.15147E-10
1.24,-4.15488E-10
1.25,-4.15577E-10
1.26,-4.15702E-10
1.27,-4.15942E-10
1.28,-4.16173E-10
1.29,-4.16318E-10
1.3,-4.16576E-10
1.31,-4.16601E-10
1.32,-4.16801E-10
1.33,-4.17028E-10
1.34,-4.17255E-10
1.35,-4.17393E-10
1.36,-4.174E-10
1.37,-4.177E-10
1.38,-4.17611E-10
1.39,-4.17979E-10
1.4,-4.18264E-10
1.41,-4.18332E-10
1.42,-4.1804E-10
1.43,-4.18513E-10
1.44,-4.187E-10
1.45,-4.19046E-10
1.46,-4.19108E-10
1.47,-4.19235E-10
1.48,-4.19196E-10
1.49,-4.196E-10
1.5,-4.19358E-10
1.51,-4.19794E-10
1.52,-4.19644E-10
1.53,-4.19791E-10
1.54,-4.20003E-10
1.55,-4.20137E-10
1.56,-4.20371E-10
1.57,-4.20526E-10
1.58,-4.20522E-10
1.59,-4.2057E-10
1.6,-4.2095E-10
1.61,-4.206E-10
1.62,-4.20879E-10
1.63,-4.21321E-10
1.64,-4.21355E-10
1.65,-4.21452E-10
1.66,-4.21494E-10
1.67,-4.21525E-10
1.68,-4.21686E-10
1.69,-4.21782E-10
1.7,-4.21748E-10
1.71,-4.22024E-10
1.72,-4.22095E-10
1.73,-4.2222E-10
1.74,-4.22137E-10
1.75,-4.22451E-10
1.76,-4.22535E-10
1.77,-4.22606E-10
1.78,-4.22598E-10
1.79,-4.22662E-10
1.8,-4.22532E-10
1.81,-4.22843E-10
1.82,-4.22951E-10
1.83,-4.23052E-10
1.84,-4.2304E-10
1.85,-4.23051E-10
1.86,-4.23353E-10
1.87,-4.23333E-10
1.88,-4.23334E-10
1.89,-4.23442E-10
1.9,-4.23426E-10
1.91,-4.235E-10
1.92,-4.2377E-10
1.93,-4.23837E-10
1.94,-4.24111E-10
1.95,-4.23885E-10
1.96,-4.23974E-10
1.97,-4.23902E-10
1.98,-4.24131E-10
1.99,-4.24358E-10
2,-4.2442E-10
2.01,-4.24299E-10
2.02,-4.24376E-10
2.03,-4.24441E-10
2.04,-4.24663E-10
2.05,-4.24529E-10
2.06,-4.24429E-10
2.07,-4.24724E-10
2.08,-4.24684E-10
2.09,-4.24874E-10
2.1,-4.24828E-10
2.11,-4.24923E-10
2.12,-4.25264E-10
2.13,-4.2508E-10
2.14,-4.25107E-10
2.15,-4.25406E-10
2.16,-4.2539E-10
2.17,-4.25458E-10
2.18,-4.25488E-10
2.19,-4.25468E-10
2.2,-4.25393E-10
2.21,-4.2559E-10
2.22,-4.25552E-10
2.23,-4.25662E-10
2.24,-4.25823E-10
2.25,-4.25753E-10
2.26,-4.2618E-10
2.27,-4.25947E-10
2.28,-4.26241E-10
2.29,-4.2588E-10
2.3,-4.26011E-10
2.31,-4.26183E-10
2.32,-4.26153E-10
2.33,-4.2613E-10
2.34,-4.26205E-10
2.35,-4.26538E-10
2.36,-4.26361E-10
2.37,-4.26359E-10
2.38,-4.2643E-10
2.39,-4.26636E-10
2.4,-4.26624E-10
2.41,-4.26635E-10
2.42,-4.26968E-10
2.43,-4.26801E-10
2.44,-4.26961E-10
2.45,-4.26982E-10
2.46,-4.26952E-10
2.47,-4.27121E-10
2.48,-4.27096E-10
2.49,-4.27078E-10
2.5,-4.27163E-10
2.51,-4.27085E-10
2.52,-4.27474E-10
2.53,-4.27259E-10
2.54,-4.27357E-10
2.55,-4.27111E-10
2.56,-4.27515E-10
2.57,-4.2744E-10
2.58,-4.27401E-10
2.59,-4.27532E-10
2.6,-4.27711E-10
2.61,-4.27583E-10
2.62,-4.27761E-10
2.63,-4.2765E-10
2.64,-4.27764E-10
2.65,-4.28031E-10
2.66,-4.27733E-10
2.67,-4.27896E-10
2.68,-4.27931E-10
2.69,-4.28063E-10
2.7,-4.2795E-10
2.71,-4.28238E-10
2.72,-4.27931E-10
2.73,-4.28283E-10
2.74,-4.2791E-10
2.75,-4.28116E-10
2.76,-4.28195E-10
2.77,-4.28179E-10
2.78,-4.28228E-10
2.79,-4.28248E-10
2.8,-4.28368E-10
2.81,-4.2837E-10
2.82,-4.28443E-10
2.83,-4.28326E-10
2.84,-4.28411E-10
2.85,-4.28402E-10
2.86,-4.28855E-10
2.87,-4.28475E-10
2.88,-4.28698E-10
2.89,-4.28574E-10
2.9,-4.28834E-10
2.91,-4.2849E-10
2.92,-4.28759E-10
2.93,-4.28877E-10
2.94,-4.28914E-10
2.95,-4.28849E-10
2.96,-4.28802E-10
2.97,-4.29091E-10
2.98,-4.29027E-10
2.99,-4.29116E-10
3,-4.28811E-10
3,-4.29219E-10
2.99,-4.2888E-10
2.98,-4.29112E-10
2.97,-4.28728E-10
2.96,-4.28881E-10
2.95,-4.28994E-10
2.94,-4.28783E-10
2.93,-4.2899E-10
2.92,-4.28981E-10
2.91,-4.28727E-10
2.9,-4.28768E-10
2.89,-4.28842E-10
2.88,-4.28643E-10
2.87,-4.28656E-10
2.86,-4.28762E-10
2.85,-4.28617E-10
2.84,-4.2852E-10
2.83,-4.2866E-10
2.82,-4.28453E-10
2.81,-4.28427E-10
2.8,-4.28334E-10
2.79,-4.28574E-10
2.78,-4.28392E-10
2.77,-4.28366E-10
2.76,-4.28308E-10
2.75,-4.28286E-10
2.74,-4.2822E-10
2.73,-4.28179E-10
2.72,-4.28189E-10
2.71,-4.27942E-10
2.7,-4.28137E-10
2.69,-4.27826E-10
2.68,-4.28082E-10
2.67,-4.28029E-10
2.66,-4.27718E-10
2.65,-4.27876E-10
2.64,-4.27956E-10
2.63,-4.27542E-10
2.62,-4.27651E-10
2.61,-4.27585E-10
2.6,-4.27619E-10
2.59,-4.27449E-10
2.58,-4.27559E-10
2.57,-4.27476E-10
2.56,-4.27424E-10
2.55,-4.27538E-10
2.54,-4.27304E-10
2.53,-4.2742E-10
2.52,-4.27298E-10
2.51,-4.27525E-10
2.5,-4.27151E-10
2.49,-4.27152E-10
2.48,-4.27001E-10
2.47,-4.26831E-10
2.46,-4.26972E-10
2.45,-4.26932E-10
2.44,-4.27037E-10
2.43,-4.26933E-10
2.42,-4.26853E-10
2.41,-4.2667E-10
2.4,-4.26822E-10
2.39,-4.26526E-10
2.38,-4.267E-10
2.37,-4.26283E-10
2.36,-4.26795E-10
2.35,-4.26529E-10
2.34,-4.26487E-10
2.33,-4.26139E-10
2.32,-4.26053E-10
2.31,-4.26394E-10
2.3,-4.26322E-10
2.29,-4.26219E-10
2.28,-4.26233E-10
2.27,-4.26083E-10
2.26,-4.25791E-10
2.25,-4.26093E-10
2.24,-4.25762E-10
2.23,-4.25956E-10
2.22,-4.25567E-10
2.21,-4.25866E-10
2.2,-4.2561E-10
2.19,-4.25603E-10
2.18,-4.25481E-10
2.17,-4.25705E-10
2.16,-4.25381E-10
2.15,-4.25502E-10
2.14,-4.2517E-10
2.13,-4.25287E-10
2.12,-4.25316E-10
2.11,-4.25086E-10
2.1,-4.25209E-10
2.09,-4.24984E-10
2.08,-4.24986E-10
2.07,-4.24688E-10
2.06,-4.24928E-10
2.05,-4.24607E-10
2.04,-4.24789E-10
2.03,-4.24623E-10
2.02,-4.24458E-10
2.01,-4.24598E-10
2,-4.24504E-10
1.99,-4.24342E-10
1.98,-4.24566E-10
1.97,-4.24384E-10
1.96,-4.24061E-10
1.95,-4.24121E-10
1.94,-4.23919E-10
1.93,-4.23997E-10
1.92,-4.23903E-10
1.91,-4.23898E-10
1.9,-4.23629E-10
1.89,-4.23801E-10
1.88,-4.23617E-10
1.87,-4.23404E-10
1.86,-4.23465E-10
1.85,-4.23386E-10
1.84,-4.23163E-10
1.83,-4.22958E-10
1.82,-4.22952E-10
1.81,-4.22881E-10
1.8,-4.23021E-10
1.79,-4.22621E-10
1.78,-4.22734E-10
1.77,-4.22557E-10
1.76,-4.22616E-10
1.75,-4.22089E-10
1.74,-4.22183E-10
1.73,-4.21978E-10
1.72,-4.22279E-10
1.71,-4.21893E-10
1.7,-4.21971E-10
1.69,-4.21541E-10
1.68,-4.21866E-10
1.67,-4.21912E-10
1.66,-4.2135E-10
1.65,-4.21435E-10
1.64,-4.21216E-10
1.63,-4.21338E-10
1.62,-4.20977E-10
1.61,-4.20766E-10
1.6,-4.20692E-10
1.59,-4.20855E-10
1.58,-4.20598E-10
1.57,-4.20509E-10
1.56,-4.20515E-10
1.55,-4.20221E-10
1.54,-4.20142E-10
1.53,-4.20115E-10
1.52,-4.20027E-10
1.51,-4.19934E-10
1.5,-4.19558E-10
1.49,-4.19389E-10
1.48,-4.19411E-10
1.47,-4.19097E-10
1.46,-4.19349E-10
1.45,-4.19027E-10
1.44,-4.1898E-10
1.43,-4.18811E-10
1.42,-4.18512E-10
1.41,-4.18218E-10
1.4,-4.18378E-10
1.39,-4.17937E-10
1.38,-4.17932E-10
1.37,-4.17717E-10
1.36,-4.17769E-10
1.35,-4.17445E-10
1.34,-4.17314E-10
1.33,-4.17352E-10
1.32,-4.16851E-10
1.31,-4.1675E-10
1.3,-4.16668E-10
1.29,-4.16624E-10
1.28,-4.1627E-10
1.27,-4.16433E-10
1.26,-4.1585E-10
1.25,-4.15792E-10
1.24,-4.15651E-10
1.23,-4.15382E-10
1.22,-4.15053E-10
1.21,-4.1508E-10
1.2,-4.15E-10
1.19,-4.14545E-10
1.18,-4.14385E-10
1.17,-4.14178E-10
1.16,-4.14027E-10
1.15,-4.13552E-10
1.14,-4.13752E-10
1.13,-4.13022E-10
1.12,-4.13031E-10
1.11,-4.12782E-10
1.1,-4.1296E-10
1.09,-4.12332E-10
1.08,-4.12348E-10
1.07,-4.11704E-10
1.06,-4.11646E-10
1.05,-4.11195E-10
1.04,-4.10896E-10
1.03,-4.10792E-10
1.02,-4.10433E-10
1.01,-4.10148E-10
1,-4.09978E-10
0.99,-4.09567E-10
0.98,-4.09103E-10
0.97,-4.09179E-10
0.96,-4.08382E-10
0.95,-4.08436E-10
0.94,-4.077E-10
0.93,-4.07483E-10
0.92,-4.0711E-10
0.91,-4.06842E-10
0.9,-4.06436E-10
0.89,-4.06155E-10
0.88,-4.05727E-10
0.87,-4.05019E-10
0.86,-4.04901E-10
0.85,-4.04247E-10
0.84,-4.04161E-10
0.83,-4.03283E-10
0.82,-4.0315E-10
0.81,-4.02443E-10
0.8,-4.02304E-10
0.79,-4.01425E-10
0.78,-4.01186E-10
0.77,-4.00548E-10
0.76,-4.00196E-10
0.75,-3.9979E-10
0.74,-3.98968E-10
0.73,-3.98356E-10
0.72,-3.97796E-10
0.71,-3.97197E-10
0.7,-3.96458E-10
0.69,-3.95836E-10
0.68,-3.95191E-10
0.67,-3.94476E-10
0.66,-3.93617E-10
0.65,-3.93078E-10
0.64,-3.91884E-10
0.63,-3.91496E-10
0.62,-3.90336E-10
0.61,-3.8964E-10
0.6,-3.88494E-10
0.59,-3.8781E-10
0.58,-3.86545E-10
0.57,-3.85796E-10
0.56,-3.84726E-10
0.55,-3.83762E-10
0.54,-3.82365E-10
0.53,-3.81212E-10
0.52,-3.80471E-10
0.51,-3.78618E-10
0.5,-3.78034E-10
0.49,-3.76114E-10
0.48,-3.75109E-10
0.47,-3.73477E-10
0.46,-3.72472E-10
0.45,-3.70121E-10
0.44,-3.68966E-10
0.43,-3.66654E-10
0.42,-3.652E-10
0.41,-3.62816E-10
0.4,-3.61024E-10
0.39,-3.5891E-10
0.38,-3.56735E-10
0.37,-3.54625E-10
0.36,-3.51325E-10
0.35,-3.49676E-10
0.34,-3.45905E-10
0.33,-3.44207E-10
0.32,-3.39793E-10
0.31,-3.37862E-10
0.3,-3.33352E-10
0.29,-3.30555E-10
0.28,-3.2573E-10
0.27,-3.225E-10
0.26,-3.17481E-10
0.25,-3.13066E-10
0.24,-3.07582E-10
0.23,-3.02515E-10
0.22,-2.97224E-10
0.21,-2.89383E-10
0.2,-2.84195E-10
0.19,-2.74973E-10
0.18,-2.69722E-10
0.17,-2.5861E-10
0.16,-2.5291E-10
0.15,-2.39723E-10
0.14,-2.32489E-10
0.13,-2.17732E-10
0.12,-2.08868E-10
0.11,-1.92551E-10
0.1,-1.79877E-10
0.09,-1.62061E-10
0.08,-1.46165E-10
0.07,-1.28601E-10
0.06,-1.05612E-10
0.05,-8.86538E-11
0.04,-5.76783E-11
0.03,-4.00597E-11
0.02,-4.63488E-12
0.01,1.32007E-11
0,5.47831E-11
-0.01,7.59821E-11
-0.02,1.19821E-10
-0.03,1.41957E-10
-0.04,1.84918E-10
-0.05,2.11972E-10
-0.06,2.51023E-10
-0.07,2.77613E-10
-0.08,3.07277E-10
-0.09,3.35953E-10
-0.1,3.55683E-10
-0.11,3.80523E-10
-0.12,3.9304E-10
-0.13,4.09845E-10
-0.14,4.15919E-10
-0.15,4.24353E-10
-0.16,4.26185E-10
-0.17,4.26682E-10
-0.18,4.25549E-10
-0.19,4.20638E-10
-0.2,4.16693E-10
-0.21,4.08656E-10
-0.22,4.02123E-10
-0.23,3.93614E-10
-0.24,3.85116E-10
-0.25,3.77713E-10
-0.26,3.67683E-10
-0.27,3.61137E-10
-0.28,3.50523E-10
-0.29,3.4509E-10
-0.3,3.3399E-10
-0.31,3.29594E-10
-0.32,3.19075E-10
-0.33,3.15204E-10
-0.34,3.05523E-10
-0.35,3.01296E-10
-0.36,2.92949E-10
-0.37,2.88674E-10
-0.38,2.81981E-10
-0.39,2.76817E-10
-0.4,2.7188E-10
-0.41,2.66947E-10
-0.42,2.6067E-10
-0.43,2.57735E-10
-0.44,2.5132E-10
-0.45,2.49129E-10
-0.46,2.43126E-10
-0.47,2.41168E-10
-0.48,2.35728E-10
-0.49,2.33459E-10
-0.5,2.2909E-10
-0.51,2.26623E-10
-0.52,2.22579E-10
-0.53,2.19949E-10
-0.54,2.16541E-10
-0.55,2.13946E-10
-0.56,2.11257E-10
-0.57,2.08195E-10
-0.58,2.06197E-10
-0.59,2.03017E-10
-0.6,2.01304E-10
-0.61,1.98117E-10
-0.62,1.96771E-10
-0.63,1.93592E-10
-0.64,1.92397E-10
-0.65,1.89131E-10
-0.66,1.88148E-10
-0.67,1.85225E-10
-0.68,1.842E-10
-0.69,1.81478E-10
-0.7,1.80467E-10
-0.71,1.7805E-10
-0.72,1.76962E-10
-0.73,1.74781E-10
-0.74,1.73497E-10
-0.75,1.71781E-10
-0.76,1.70136E-10
-0.77,1.68842E-10
-0.78,1.67159E-10
-0.79,1.66071E-10
-0.8,1.64213E-10
-0.81,1.6343E-10
-0.82,1.61535E-10
-0.83,1.60829E-10
-0.84,1.58885E-10
-0.85,1.58249E-10
-0.86,1.56368E-10
-0.87,1.55668E-10
-0.88,1.54084E-10
-0.89,1.53243E-10
-0.9,1.51995E-10
-0.91,1.50867E-10
-0.92,1.49837E-10
-0.93,1.48662E-10
-0.94,1.47887E-10
-0.95,1.46579E-10
-0.96,1.45972E-10
-0.97,1.44584E-10
-0.98,1.44073E-10
-0.99,1.42639E-10
-1,1.42225E-10
-1.01,1.40856E-10
-1.02,1.40376E-10
-1.03,1.39108E-10
-1.04,1.38578E-10
-1.05,1.37547E-10
-1.06,1.36765E-10
-1.07,1.35853E-10
-1.08,1.35029E-10
-1.09,1.34427E-10
-1.1,1.3345E-10
-1.11,1.32931E-10
-1.12,1.31901E-10
-1.13,1.31488E-10
-1.14,1.30391E-10
-1.15,1.30047E-10
-1.16,1.28996E-10
-1.17,1.28688E-10
-1.18,1.27649E-10
-1.19,1.27265E-10
-1.2,1.26348E-10
-1.21,1.25898E-10
-1.22,1.25084E-10
-1.23,1.24631E-10
-1.24,1.2389E-10
-1.25,1.23329E-10
-1.26,1.22776E-10
-1.27,1.22119E-10
-1.28,1.21595E-10
-1.29,1.20838E-10
-1.3,1.20368E-10
-1.31,1.19674E-10
-1.32,1.1929E-10
-1.33,1.18531E-10
-1.34,1.1827E-10
-1.35,1.17435E-10
-1.36,1.17182E-10
-1.37,1.16372E-10
-1.38,1.16124E-10
-1.39,1.15399E-10
-1.4,1.15072E-10
-1.41,1.14429E-10
-1.42,1.14017E-10
-1.43,1.1351E-10
-1.44,1.12972E-10
-1.45,1.12593E-10
-1.46,1.12018E-10
-1.47,1.11702E-10
-1.48,1.11064E-10
-1.49,1.10841E-10
-1.5,1.101E-10
-1.51,1.09909E-10
-1.52,1.0924E-10
-1.53,1.09016E-10
-1.54,1.08399E-10
-1.55,1.08138E-10
-1.56,1.07606E-10
-1.57,1.07276E-10
-1.58,1.06818E-10
-1.59,1.06401E-10
-1.6,1.06049E-10
-1.61,1.05573E-10
-1.62,1.05286E-10
-1.63,1.04782E-10
-1.64,1.04594E-10
-1.65,1.04017E-10
-1.66,1.03828E-10
-1.67,1.03251E-10
-1.68,1.03103E-10
-1.69,1.02535E-10
-1.7,1.02347E-10
-1.71,1.01804E-10
-1.72,1.01577E-10
-1.73,1.01137E-10
-1.74,1.0084E-10
-1.75,1.00431E-10
-1.76,1.00166E-10
-1.77,9.98123E-11
-1.78,9.94764E-11
-1.79,9.92013E-11
-1.8,9.87978E-11
-1.81,9.85488E-11
-1.82,9.81323E-11
-1.83,9.79134E-11
-1.84,9.74678E-11
-1.85,9.73345E-11
-1.86,9.68271E-11
-1.87,9.66961E-11
-1.88,9.62246E-11
-1.89,9.60843E-11
-1.9,9.56465E-11
-1.91,9.54637E-11
-1.92,9.50713E-11
-1.93,9.48669E-11
-1.94,9.45015E-11
-1.95,9.42369E-11
-1.96,9.39442E-11
-1.97,9.36464E-11
-1.98,9.33284E-11
-1.99,9.31798E-11
-2,9.27643E-11
-2.01,9.26683E-11
-2.02,9.22191E-11
-2.03,9.21003E-11
-2.04,9.17023E-11
-2.05,9.15716E-11
-2.06,9.12282E-11
-2.07,9.10278E-11
-2.08,9.07502E-11
-2.09,9.05038E-11
-2.1,9.02702E-11
-2.11,8.99377E-11
-2.12,8.97759E-11
-2.13,8.94567E-11
-2.14,8.92654E-11
-2.15,8.8913E-11
-2.16,8.88042E-11
-2.17,8.84436E-11
-2.18,8.8335E-11
-2.19,8.79814E-11
-2.2,8.78548E-11
-2.21,8.75166E-11
-2.22,8.74101E-11
-2.23,8.70667E-11
-2.24,8.69316E-11
-2.25,8.66375E-11
-2.26,8.64849E-11
-2.27,8.62154E-11
-2.28,8.6013E-11
-2.29,8.58109E-11
-2.3,8.55933E-11
-2.31,8.53988E-11
-2.32,8.51302E-11
-2.33,8.49618E-11
-2.34,8.46776E-11
-2.35,8.45546E-11
-2.36,8.42453E-11
-2.37,8.41439E-11
-2.38,8.38284E-11
-2.39,8.37169E-11
-2.4,8.34257E-11
-2.41,8.33446E-11
-2.42,8.30173E-11
-2.43,8.29297E-11
-2.44,8.26611E-11
-2.45,8.25377E-11
-2.46,8.22835E-11
-2.47,8.21294E-11
-2.48,8.18895E-11
-2.49,8.17649E-11
-2.5,8.15495E-11
-2.51,8.13527E-11
-2.52,8.11996E-11
-2.53,8.09692E-11
-2.54,8.08368E-11
-2.55,8.05996E-11
-2.56,8.04973E-11
-2.57,8.0203E-11
-2.58,8.01099E-11
-2.59,7.98539E-11
-2.6,7.97566E-11
-2.61,7.94921E-11
-2.62,7.94291E-11
-2.63,7.91655E-11
-2.64,7.90642E-11
-2.65,7.88352E-11
-2.66,7.8736E-11
-2.67,7.85115E-11
-2.68,7.83823E-11
-2.69,7.81929E-11
-2.7,7.80291E-11
-2.71,7.7862E-11
-2.72,7.76873E-11
-2.73,7.75635E-11
-2.74,7.73446E-11
-2.75,7.72342E-11
-2.76,7.70349E-11
-2.77,7.69484E-11
-2.78,7.66704E-11
-2.79,7.65868E-11
-2.8,7.6381E-11
-2.81,7.63061E-11
-2.82,7.60619E-11
-2.83,7.5986E-11
-2.84,7.57798E-11
-2.85,7.56986E-11
-2.86,7.54758E-11
-2.87,7.53904E-11
-2.88,7.51819E-11
-2.89,7.50703E-11
-2.9,7.48852E-11
-2.91,7.47754E-11
-2.92,7.45997E-11
-2.93,7.449E-11
-2.94,7.43195E-11
-2.95,7.41724E-11
-2.96,7.4062E-11
-2.97,7.38891E-11
-2.98,7.37751E-11
-2.99,7.36071E-11
-3,7.35024E-11
